,structure_id,model,loop_len,rmsd
0,9EM5,alpha,1,0.166
1,9EM5,rosetta,1,0.332
2,9EM5,alpha,2,0.247
3,9EM5,rosetta,2,0.298
4,9EM5,alpha,2,0.33
5,9EM5,rosetta,2,0.384
6,9EM5,alpha,3,0.255
7,9EM5,rosetta,3,0.84
8,9EM5,alpha,8,0.308
9,9EM5,rosetta,8,0.682
10,9EM5,alpha,3,0.241
11,9EM5,rosetta,3,0.449
12,9EM5,alpha,5,0.245
13,9EM5,rosetta,5,0.359
14,9EM5,alpha,3,0.278
15,9EM5,rosetta,3,0.455
16,9EM5,alpha,12,0.276
17,9EM5,rosetta,12,0.65
18,9EM5,alpha,3,0.211
19,9EM5,rosetta,3,0.403
20,9EM5,alpha,3,0.255
21,9EM5,rosetta,3,0.27
22,9EM5,alpha,7,0.328
23,9EM5,rosetta,7,0.788
24,9EM5,alpha,1,0.159
25,9EM5,rosetta,1,0.172
26,9EM5,alpha,3,0.27
27,9EM5,rosetta,3,0.279
28,9EM5,alpha,3,0.325
29,9EM5,rosetta,3,0.426
30,9EM5,alpha,4,0.311
31,9EM5,rosetta,4,0.318
32,9EM5,alpha,1,0.204
33,9EM5,rosetta,1,0.231
34,9EM5,alpha,4,0.212
35,9EM5,rosetta,4,0.35
36,9EM5,alpha,4,0.24
37,9EM5,rosetta,4,0.713
38,9EM5,alpha,14,0.297
39,9EM5,rosetta,14,0.629
40,9EM5,alpha,1,0.129
41,9EM5,rosetta,1,0.137
42,9EM5,alpha,1,0.117
43,9EM5,rosetta,1,0.102
44,9EM5,alpha,13,0.352
45,9EM5,rosetta,13,0.586
46,9EM5,alpha,5,0.326
47,9EM5,rosetta,5,0.366
48,9EM5,alpha,4,1.168
49,9EM5,rosetta,4,1.211
50,9EM5,alpha,4,0.289
51,9EM5,rosetta,4,0.587
52,9EM5,alpha,4,0.312
53,9EM5,rosetta,4,0.715
54,9EM5,alpha,5,0.342
55,9EM5,rosetta,5,0.357
56,9EM5,alpha,1,0.245
57,9EM5,rosetta,1,0.181
58,9EM5,alpha,3,0.242
59,9EM5,rosetta,3,0.321
60,9EM5,alpha,4,0.384
61,9EM5,rosetta,4,0.397
62,9EM5,alpha,1,0.108
63,9EM5,rosetta,1,0.354
64,9EM5,alpha,13,0.349
65,9EM5,rosetta,13,0.893
66,9EM5,alpha,1,0.088
67,9EM5,rosetta,1,0.718
68,8TLF,alpha,2,0.557
69,8TLF,rosetta,2,0.629
70,8TLF,alpha,1,0.088
71,8TLF,rosetta,1,0.144
72,8TLF,alpha,2,0.261
73,8TLF,rosetta,2,0.379
74,8TLF,alpha,1,0.132
75,8TLF,rosetta,1,0.397
76,8TLF,alpha,3,0.387
77,8TLF,rosetta,3,0.894
78,8TLF,alpha,2,0.347
79,8TLF,rosetta,2,0.424
80,8TLF,alpha,5,0.346
81,8TLF,rosetta,5,0.996
82,8TLF,alpha,6,0.331
83,8TLF,rosetta,6,0.496
84,8TLF,alpha,2,0.202
85,8TLF,rosetta,2,0.633
86,8TLF,alpha,17,0.533
87,8TLF,rosetta,17,1.431
88,8TLF,alpha,3,0.252
89,8TLF,rosetta,3,0.451
90,8TLF,alpha,7,0.276
91,8TLF,rosetta,7,0.754
92,8TLF,alpha,7,0.4
93,8TLF,rosetta,7,0.912
94,8TLF,alpha,1,0.296
95,8TLF,rosetta,1,0.681
96,8V5E,alpha,3,0.575
97,8V5E,rosetta,3,0.609
98,8V5E,alpha,7,0.861
99,8V5E,rosetta,7,1.054
100,8V5E,alpha,1,0.077
101,8V5E,rosetta,1,0.141
102,8V5E,alpha,6,0.325
103,8V5E,rosetta,6,0.874
104,8V5E,alpha,5,0.446
105,8V5E,rosetta,5,0.821
106,8V5E,alpha,1,0.197
107,8V5E,rosetta,1,0.164
108,8V5E,alpha,5,0.437
109,8V5E,rosetta,5,0.502
110,8V5E,alpha,2,0.335
111,8V5E,rosetta,2,0.491
112,8V5E,alpha,2,0.236
113,8V5E,rosetta,2,0.292
114,8V5E,alpha,2,0.334
115,8V5E,rosetta,2,0.948
116,8V5E,alpha,1,0.321
117,8V5E,rosetta,1,0.651
118,8V5E,alpha,1,0.111
119,8V5E,rosetta,1,0.224
120,8V5E,alpha,1,0.597
121,8V5E,rosetta,1,0.603
122,9FCE,alpha,1,0.652
123,9FCE,rosetta,1,0.352
124,9FCE,alpha,3,0.239
125,9FCE,rosetta,3,0.249
126,9FCE,alpha,1,0.117
127,9FCE,rosetta,1,0.145
128,9FCE,alpha,3,0.834
129,9FCE,rosetta,3,0.844
130,9FCE,alpha,5,0.284
131,9FCE,rosetta,5,0.343
132,9FCE,alpha,4,0.309
133,9FCE,rosetta,4,0.286
134,9FCE,alpha,2,0.286
135,9FCE,rosetta,2,0.175
136,9FCE,alpha,2,1.715
137,9FCE,rosetta,2,1.752
138,9FCE,alpha,5,0.36
139,9FCE,rosetta,5,0.389
140,9FCE,alpha,3,0.283
141,9FCE,rosetta,3,0.758
142,9FCE,alpha,2,0.19
143,9FCE,rosetta,2,0.286
144,9FCE,alpha,2,0.22
145,9FCE,rosetta,2,0.253
146,9FCE,alpha,5,0.287
147,9FCE,rosetta,5,0.749
148,9FCE,alpha,4,0.27
149,9FCE,rosetta,4,0.35
150,9FCE,alpha,7,0.652
151,9FCE,rosetta,7,0.734
152,9FCE,alpha,4,0.263
153,9FCE,rosetta,4,0.319
154,9FCE,alpha,2,0.194
155,9FCE,rosetta,2,0.561
156,9FCE,alpha,1,0.215
157,9FCE,rosetta,1,0.701
158,8TK5,alpha,1,0.648
159,8TK5,rosetta,1,0.587
160,8TK5,alpha,7,0.794
161,8TK5,rosetta,7,0.89
162,8TK5,alpha,3,0.357
163,8TK5,rosetta,3,0.286
164,8TK5,alpha,2,0.172
165,8TK5,rosetta,2,0.923
166,8TK5,alpha,1,0.179
167,8TK5,rosetta,1,0.186
168,8TK5,alpha,2,0.316
169,8TK5,rosetta,2,0.203
170,8TK5,alpha,3,0.204
171,8TK5,rosetta,3,0.225
172,8TK5,alpha,2,0.209
173,8TK5,rosetta,2,0.253
174,8TK5,alpha,6,0.454
175,8TK5,rosetta,6,0.778
176,8TK5,alpha,3,0.416
177,8TK5,rosetta,3,0.532
178,8TK5,alpha,2,0.238
179,8TK5,rosetta,2,0.524
180,8TK5,alpha,10,0.348
181,8TK5,rosetta,10,0.535
182,8TK5,alpha,6,0.558
183,8TK5,rosetta,6,0.904
184,8TK5,alpha,6,0.25
185,8TK5,rosetta,6,0.511
186,8TK5,alpha,3,0.363
187,8TK5,rosetta,3,0.349
188,8TK5,alpha,6,0.25
189,8TK5,rosetta,6,0.373
190,8TK5,alpha,6,0.427
191,8TK5,rosetta,6,0.705
192,8WQ5,alpha,9,0.817
193,8WQ5,rosetta,9,1.006
194,8WQ5,alpha,1,0.117
195,8WQ5,rosetta,1,0.108
196,8WQ5,alpha,3,0.244
197,8WQ5,rosetta,3,0.516
198,8WQ5,alpha,1,0.241
199,8WQ5,rosetta,1,0.117
200,8WQ5,alpha,2,0.205
201,8WQ5,rosetta,2,0.419
202,8WQ5,alpha,4,0.263
203,8WQ5,rosetta,4,0.603
204,8WQ5,alpha,5,0.338
205,8WQ5,rosetta,5,0.761
206,8WQ5,alpha,2,0.341
207,8WQ5,rosetta,2,0.373
208,8WQ5,alpha,3,0.255
209,8WQ5,rosetta,3,0.318
210,8WQ5,alpha,2,0.248
211,8WQ5,rosetta,2,0.243
212,8WQ5,alpha,3,0.795
213,8WQ5,rosetta,3,1.036
214,8QXY,alpha,4,0.657
215,8QXY,rosetta,4,1.066
216,8QXY,alpha,4,0.293
217,8QXY,rosetta,4,0.316
218,8QXY,alpha,4,0.225
219,8QXY,rosetta,4,0.819
220,8QXY,alpha,3,0.359
221,8QXY,rosetta,3,0.603
222,8QXY,alpha,7,0.257
223,8QXY,rosetta,7,0.651
224,8QXY,alpha,3,0.259
225,8QXY,rosetta,3,0.445
226,8QXY,alpha,7,0.31
227,8QXY,rosetta,7,0.62
228,8QXY,alpha,2,0.17
229,8QXY,rosetta,2,0.267
230,8QXY,alpha,2,0.241
231,8QXY,rosetta,2,0.49
232,8QXY,alpha,2,0.219
233,8QXY,rosetta,2,0.412
234,8QXY,alpha,4,0.319
235,8QXY,rosetta,4,0.709
236,8QXY,alpha,3,0.301
237,8QXY,rosetta,3,0.379
238,8QXY,alpha,1,0.158
239,8QXY,rosetta,1,0.205
240,8QXY,alpha,1,0.225
241,8QXY,rosetta,1,0.56
242,9FTW,alpha,7,1.263
243,9FTW,rosetta,7,1.445
244,9FTW,alpha,4,0.319
245,9FTW,rosetta,4,0.397
246,9FTW,alpha,4,0.423
247,9FTW,rosetta,4,0.84
248,9FTW,alpha,2,0.19
249,9FTW,rosetta,2,0.324
250,9FTW,alpha,12,0.603
251,9FTW,rosetta,12,0.546
252,9FTW,alpha,1,0.252
253,9FTW,rosetta,1,0.542
254,9FTW,alpha,1,0.137
255,9FTW,rosetta,1,0.222
256,9FTW,alpha,6,0.418
257,9FTW,rosetta,6,1.014
258,9FTW,alpha,3,0.521
259,9FTW,rosetta,3,0.978
260,9FTW,alpha,3,0.324
261,9FTW,rosetta,3,0.581
262,9FTW,alpha,2,0.272
263,9FTW,rosetta,2,0.24
264,9FTW,alpha,6,0.398
265,9FTW,rosetta,6,0.423
266,9FTW,alpha,2,0.209
267,9FTW,rosetta,2,0.34
268,9FTW,alpha,8,0.442
269,9FTW,rosetta,8,1.137
270,9FTW,alpha,1,0.194
271,9FTW,rosetta,1,0.172
272,9FTW,alpha,1,0.167
273,9FTW,rosetta,1,0.576
274,9FTW,alpha,2,0.223
275,9FTW,rosetta,2,0.575
276,9FTW,alpha,3,0.389
277,9FTW,rosetta,3,0.56
278,9FTW,alpha,3,0.319
279,9FTW,rosetta,3,0.439
280,9FTW,alpha,7,0.511
281,9FTW,rosetta,7,1.1
282,9FTW,alpha,2,0.251
283,9FTW,rosetta,2,0.3
284,9FTW,alpha,3,0.227
285,9FTW,rosetta,3,0.401
286,9FTW,alpha,4,0.372
287,9FTW,rosetta,4,0.375
288,9FTW,alpha,2,0.232
289,9FTW,rosetta,2,0.368
290,9FTW,alpha,5,0.421
291,9FTW,rosetta,5,1.241
292,9FTW,alpha,3,0.587
293,9FTW,rosetta,3,0.686
294,9FTW,alpha,2,0.94
295,9FTW,rosetta,2,0.716
296,9FSB,alpha,2,0.495
297,9FSB,rosetta,2,0.414
298,9FSB,alpha,2,0.253
299,9FSB,rosetta,2,0.213
300,9FSB,alpha,1,0.26
301,9FSB,rosetta,1,0.116
302,9FSB,alpha,4,0.321
303,9FSB,rosetta,4,0.85
304,9FSB,alpha,2,0.24
305,9FSB,rosetta,2,0.266
306,9FSB,alpha,5,0.37
307,9FSB,rosetta,5,0.426
308,9FSB,alpha,4,0.355
309,9FSB,rosetta,4,0.763
310,9FSB,alpha,2,0.27
311,9FSB,rosetta,2,0.291
312,9FSB,alpha,8,1.042
313,9FSB,rosetta,8,0.927
314,9FSB,alpha,7,0.358
315,9FSB,rosetta,7,0.47
316,9FSB,alpha,1,0.135
317,9FSB,rosetta,1,0.181
318,9FSB,alpha,2,0.272
319,9FSB,rosetta,2,0.932
320,9FSB,alpha,10,1.352
321,9FSB,rosetta,10,1.394
322,9FSB,alpha,2,0.282
323,9FSB,rosetta,2,0.611
324,9FSB,alpha,3,0.366
325,9FSB,rosetta,3,0.561
326,9FSB,alpha,1,0.164
327,9FSB,rosetta,1,0.197
328,9FSB,alpha,1,0.698
329,9FSB,rosetta,1,0.657
330,9C9R,alpha,4,0.472
331,9C9R,rosetta,4,1.107
332,9C9R,alpha,3,0.422
333,9C9R,rosetta,3,0.505
334,9C9R,alpha,6,0.736
335,9C9R,rosetta,6,0.881
336,9C9R,alpha,3,0.276
337,9C9R,rosetta,3,0.323
338,9C9R,alpha,6,0.578
339,9C9R,rosetta,6,0.711
340,9C9R,alpha,8,0.426
341,9C9R,rosetta,8,0.615
342,9C9R,alpha,5,0.344
343,9C9R,rosetta,5,0.434
344,9C9R,alpha,4,0.316
345,9C9R,rosetta,4,0.403
346,9C9R,alpha,8,0.794
347,9C9R,rosetta,8,1.253
348,9C9R,alpha,6,0.831
349,9C9R,rosetta,6,0.779
350,9C9R,alpha,5,0.48
351,9C9R,rosetta,5,0.927
352,9C9R,alpha,1,0.183
353,9C9R,rosetta,1,0.421
354,9C9R,alpha,3,0.535
355,9C9R,rosetta,3,0.49
356,9C9R,alpha,4,0.271
357,9C9R,rosetta,4,0.269
358,9C9R,alpha,4,0.349
359,9C9R,rosetta,4,0.955
360,9C9R,alpha,4,0.686
361,9C9R,rosetta,4,0.949
362,9C9R,alpha,7,0.408
363,9C9R,rosetta,7,0.614
364,9C9R,alpha,5,0.286
365,9C9R,rosetta,5,0.669
366,9C9R,alpha,1,0.232
367,9C9R,rosetta,1,0.212
368,9C9R,alpha,4,0.326
369,9C9R,rosetta,4,0.803
370,9C9R,alpha,5,0.302
371,9C9R,rosetta,5,0.318
372,9C9R,alpha,7,0.35
373,9C9R,rosetta,7,0.901
374,9C9R,alpha,3,0.235
375,9C9R,rosetta,3,0.417
376,9C9R,alpha,4,0.472
377,9C9R,rosetta,4,0.646
378,9C9R,alpha,1,0.119
379,9C9R,rosetta,1,0.1
380,9C9R,alpha,5,1.113
381,9C9R,rosetta,5,1.163
382,9C9R,alpha,1,0.108
383,9C9R,rosetta,1,0.306
384,9C9R,alpha,4,1.161
385,9C9R,rosetta,4,1.07
386,9C9R,alpha,5,0.466
387,9C9R,rosetta,5,0.989
388,9C9R,alpha,2,0.245
389,9C9R,rosetta,2,0.406
390,9C9R,alpha,2,0.249
391,9C9R,rosetta,2,0.213
392,9C9R,alpha,5,0.337
393,9C9R,rosetta,5,0.464
394,9C9R,alpha,3,0.356
395,9C9R,rosetta,3,0.692
396,9C9R,alpha,7,0.533
397,9C9R,rosetta,7,1.041
398,9C9R,alpha,3,0.631
399,9C9R,rosetta,3,0.928
400,9C9R,alpha,8,0.832
401,9C9R,rosetta,8,0.556
402,9C9R,alpha,3,0.604
403,9C9R,rosetta,3,0.547
404,8KGB,alpha,8,1.607
405,8KGB,rosetta,8,1.502
406,8KGB,alpha,6,1.934
407,8KGB,rosetta,6,1.908
408,8KGB,alpha,3,0.324
409,8KGB,rosetta,3,0.619
410,8KGB,alpha,8,0.618
411,8KGB,rosetta,8,0.694
412,8KGB,alpha,3,0.283
413,8KGB,rosetta,3,0.394
414,8KGB,alpha,2,0.23
415,8KGB,rosetta,2,0.288
416,8KGB,alpha,2,0.237
417,8KGB,rosetta,2,0.253
418,8KGB,alpha,1,0.216
419,8KGB,rosetta,1,0.199
420,8KGB,alpha,3,0.442
421,8KGB,rosetta,3,0.338
422,8KGB,alpha,2,0.314
423,8KGB,rosetta,2,0.406
424,8KGB,alpha,2,0.162
425,8KGB,rosetta,2,0.179
426,8KGB,alpha,6,0.339
427,8KGB,rosetta,6,0.392
428,8KGB,alpha,1,0.192
429,8KGB,rosetta,1,0.216
430,8KGB,alpha,5,0.431
431,8KGB,rosetta,5,0.581
432,8KGB,alpha,2,0.254
433,8KGB,rosetta,2,0.288
434,8KGB,alpha,6,0.862
435,8KGB,rosetta,6,0.959
436,8KGB,alpha,1,0.154
437,8KGB,rosetta,1,0.162
438,8KGB,alpha,12,0.558
439,8KGB,rosetta,12,0.841
440,8KGB,alpha,2,0.21
441,8KGB,rosetta,2,0.256
442,8KGB,alpha,4,0.229
443,8KGB,rosetta,4,0.475
444,8KGB,alpha,2,0.256
445,8KGB,rosetta,2,0.291
446,8KGB,alpha,10,0.622
447,8KGB,rosetta,10,1.496
448,8TQJ,alpha,6,0.355
449,8TQJ,rosetta,6,0.865
450,8TQJ,alpha,1,0.203
451,8TQJ,rosetta,1,0.216
452,8TQJ,alpha,2,0.188
453,8TQJ,rosetta,2,0.292
454,8TQJ,alpha,2,0.15
455,8TQJ,rosetta,2,0.311
456,8TQJ,alpha,2,0.277
457,8TQJ,rosetta,2,0.874
458,8TQJ,alpha,10,0.507
459,8TQJ,rosetta,10,0.523
460,8TQJ,alpha,3,0.371
461,8TQJ,rosetta,3,0.455
462,8TQJ,alpha,2,0.301
463,8TQJ,rosetta,2,0.219
464,8TQJ,alpha,2,0.213
465,8TQJ,rosetta,2,0.232
466,8TQJ,alpha,6,0.305
467,8TQJ,rosetta,6,0.553
468,8TQJ,alpha,2,0.298
469,8TQJ,rosetta,2,0.452
470,8TQJ,alpha,3,0.286
471,8TQJ,rosetta,3,0.335
472,8TQJ,alpha,2,0.18
473,8TQJ,rosetta,2,0.379
474,8TQJ,alpha,6,0.276
475,8TQJ,rosetta,6,0.413
476,8TQJ,alpha,11,0.333
477,8TQJ,rosetta,11,0.922
478,8TQJ,alpha,2,0.258
479,8TQJ,rosetta,2,0.48
480,8TQJ,alpha,5,0.274
481,8TQJ,rosetta,5,0.384
482,8TQJ,alpha,4,0.229
483,8TQJ,rosetta,4,0.262
484,8TQJ,alpha,17,0.728
485,8TQJ,rosetta,17,1.055
486,8TQJ,alpha,1,0.125
487,8TQJ,rosetta,1,0.294
488,8TQJ,alpha,13,0.451
489,8TQJ,rosetta,13,0.612
490,8TQJ,alpha,2,0.236
491,8TQJ,rosetta,2,0.291
492,8TQJ,alpha,1,0.181
493,8TQJ,rosetta,1,0.161
494,8TQJ,alpha,3,0.241
495,8TQJ,rosetta,3,0.303
496,8TQJ,alpha,6,0.385
497,8TQJ,rosetta,6,0.478
498,8TQJ,alpha,2,0.322
499,8TQJ,rosetta,2,0.338
500,8TQJ,alpha,8,0.328
501,8TQJ,rosetta,8,0.648
502,8TQJ,alpha,7,0.685
503,8TQJ,rosetta,7,0.962
504,8QY1,alpha,3,0.287
505,8QY1,rosetta,3,0.631
506,8QY1,alpha,4,0.331
507,8QY1,rosetta,4,0.888
508,8QY1,alpha,4,0.299
509,8QY1,rosetta,4,1.017
510,8QY1,alpha,3,0.309
511,8QY1,rosetta,3,0.729
512,8QY1,alpha,6,0.314
513,8QY1,rosetta,6,0.696
514,8QY1,alpha,3,0.277
515,8QY1,rosetta,3,0.493
516,8QY1,alpha,7,0.325
517,8QY1,rosetta,7,0.557
518,8QY1,alpha,2,0.231
519,8QY1,rosetta,2,0.209
520,8QY1,alpha,2,0.343
521,8QY1,rosetta,2,0.568
522,8QY1,alpha,2,0.219
523,8QY1,rosetta,2,0.398
524,8QY1,alpha,4,0.299
525,8QY1,rosetta,4,0.885
526,8QY1,alpha,3,0.275
527,8QY1,rosetta,3,0.343
528,8QY1,alpha,1,0.157
529,8QY1,rosetta,1,0.239
530,8QY1,alpha,1,0.192
531,8QY1,rosetta,1,0.678
532,8Y2U,alpha,2,0.675
533,8Y2U,rosetta,2,0.669
534,8Y2U,alpha,4,0.362
535,8Y2U,rosetta,4,0.375
536,8Y2U,alpha,1,0.12
537,8Y2U,rosetta,1,0.202
538,8Y2U,alpha,4,0.342
539,8Y2U,rosetta,4,0.357
540,8Y2U,alpha,2,0.207
541,8Y2U,rosetta,2,0.299
542,8Y2U,alpha,5,0.241
543,8Y2U,rosetta,5,0.438
544,8Y2U,alpha,4,0.284
545,8Y2U,rosetta,4,1.026
546,8Y2U,alpha,2,0.224
547,8Y2U,rosetta,2,0.364
548,8Y2U,alpha,7,0.432
549,8Y2U,rosetta,7,0.628
550,8Y2U,alpha,7,0.308
551,8Y2U,rosetta,7,0.537
552,8Y2U,alpha,2,0.263
553,8Y2U,rosetta,2,0.328
554,8Y2U,alpha,10,0.575
555,8Y2U,rosetta,10,0.639
556,8Y2U,alpha,2,0.296
557,8Y2U,rosetta,2,0.688
558,8Y2U,alpha,2,0.636
559,8Y2U,rosetta,2,0.723
560,8Y2U,alpha,2,0.215
561,8Y2U,rosetta,2,0.403
562,8Y2U,alpha,2,0.895
563,8Y2U,rosetta,2,0.662
564,8TON,alpha,4,1.004
565,8TON,rosetta,4,1.163
566,8TON,alpha,3,0.33
567,8TON,rosetta,3,1.054
568,8TON,alpha,4,0.402
569,8TON,rosetta,4,0.76
570,8TON,alpha,4,0.385
571,8TON,rosetta,4,0.474
572,8TON,alpha,1,0.224
573,8TON,rosetta,1,0.207
574,8TON,alpha,1,0.11
575,8TON,rosetta,1,0.155
576,8TON,alpha,1,0.178
577,8TON,rosetta,1,0.186
578,8TON,alpha,1,0.104
579,8TON,rosetta,1,0.145
580,8TON,alpha,4,1.387
581,8TON,rosetta,4,1.359
582,8TON,alpha,3,0.263
583,8TON,rosetta,3,0.399
584,8TON,alpha,6,0.326
585,8TON,rosetta,6,0.45
586,8TON,alpha,10,0.504
587,8TON,rosetta,10,0.502
588,8TON,alpha,7,1.103
589,8TON,rosetta,7,1.12
590,8TON,alpha,5,0.533
591,8TON,rosetta,5,0.556
592,8TON,alpha,6,0.34
593,8TON,rosetta,6,0.475
594,8TON,alpha,6,0.383
595,8TON,rosetta,6,0.922
596,8TON,alpha,2,0.245
597,8TON,rosetta,2,0.476
598,8TON,alpha,4,0.357
599,8TON,rosetta,4,0.391
600,8TON,alpha,1,0.272
601,8TON,rosetta,1,0.206
602,8TON,alpha,6,0.307
603,8TON,rosetta,6,0.746
604,8TON,alpha,4,0.285
605,8TON,rosetta,4,0.3
606,8TON,alpha,10,0.364
607,8TON,rosetta,10,0.505
608,8TON,alpha,6,0.328
609,8TON,rosetta,6,0.392
610,8TON,alpha,2,0.905
611,8TON,rosetta,2,0.792
612,8Q6E,alpha,2,0.251
613,8Q6E,rosetta,2,0.362
614,8Q6E,alpha,1,0.109
615,8Q6E,rosetta,1,0.294
616,8Q6E,alpha,5,0.296
617,8Q6E,rosetta,5,0.374
618,8Q6E,alpha,4,0.334
619,8Q6E,rosetta,4,0.622
620,8Q6E,alpha,2,0.681
621,8Q6E,rosetta,2,0.582
622,8Q6E,alpha,7,0.845
623,8Q6E,rosetta,7,1.245
624,8Q6E,alpha,1,0.647
625,8Q6E,rosetta,1,0.62
626,8Q6E,alpha,2,0.698
627,8Q6E,rosetta,2,0.48
628,8Q6E,alpha,7,0.348
629,8Q6E,rosetta,7,0.575
630,8Q6E,alpha,9,0.355
631,8Q6E,rosetta,9,0.902
632,8Q6E,alpha,3,0.746
633,8Q6E,rosetta,3,0.672
634,8Q6E,alpha,8,0.331
635,8Q6E,rosetta,8,0.453
636,8Q6E,alpha,1,0.124
637,8Q6E,rosetta,1,0.431
638,8Q6E,alpha,4,0.84
639,8Q6E,rosetta,4,0.829
640,8Q6E,alpha,2,0.179
641,8Q6E,rosetta,2,0.937
642,8Q6E,alpha,8,0.535
643,8Q6E,rosetta,8,0.773
644,8Q6E,alpha,2,0.195
645,8Q6E,rosetta,2,0.541
646,8Q6E,alpha,2,0.201
647,8Q6E,rosetta,2,0.17
648,8Q6E,alpha,6,0.267
649,8Q6E,rosetta,6,0.4
650,8Q6E,alpha,2,0.219
651,8Q6E,rosetta,2,0.257
652,8Q6E,alpha,2,0.724
653,8Q6E,rosetta,2,0.496
654,8TLH,alpha,2,0.583
655,8TLH,rosetta,2,0.604
656,8TLH,alpha,4,0.332
657,8TLH,rosetta,4,0.455
658,8TLH,alpha,2,0.255
659,8TLH,rosetta,2,0.328
660,8TLH,alpha,1,0.103
661,8TLH,rosetta,1,0.507
662,8TLH,alpha,3,0.458
663,8TLH,rosetta,3,0.838
664,8TLH,alpha,2,0.223
665,8TLH,rosetta,2,0.445
666,8TLH,alpha,5,0.343
667,8TLH,rosetta,5,0.852
668,8TLH,alpha,6,0.365
669,8TLH,rosetta,6,0.467
670,8TLH,alpha,2,0.193
671,8TLH,rosetta,2,0.654
672,8TLH,alpha,17,0.48
673,8TLH,rosetta,17,1.338
674,8TLH,alpha,3,0.271
675,8TLH,rosetta,3,0.482
676,8TLH,alpha,7,0.326
677,8TLH,rosetta,7,0.678
678,8TLH,alpha,5,0.314
679,8TLH,rosetta,5,1.051
680,8TLH,alpha,1,0.382
681,8TLH,rosetta,1,0.195
682,8QN9,alpha,2,0.717
683,8QN9,rosetta,2,0.321
684,8QN9,alpha,2,0.177
685,8QN9,rosetta,2,0.389
686,8QN9,alpha,2,0.349
687,8QN9,rosetta,2,0.367
688,8QN9,alpha,3,0.207
689,8QN9,rosetta,3,0.869
690,8QN9,alpha,8,0.287
691,8QN9,rosetta,8,0.534
692,8QN9,alpha,3,0.223
693,8QN9,rosetta,3,0.327
694,8QN9,alpha,5,0.28
695,8QN9,rosetta,5,0.369
696,8QN9,alpha,12,0.28
697,8QN9,rosetta,12,0.669
698,8QN9,alpha,3,0.193
699,8QN9,rosetta,3,0.327
700,8QN9,alpha,4,0.243
701,8QN9,rosetta,4,0.232
702,8QN9,alpha,7,0.283
703,8QN9,rosetta,7,0.617
704,8QN9,alpha,1,0.123
705,8QN9,rosetta,1,0.103
706,8QN9,alpha,3,0.335
707,8QN9,rosetta,3,0.387
708,8QN9,alpha,4,0.28
709,8QN9,rosetta,4,0.583
710,8QN9,alpha,4,0.241
711,8QN9,rosetta,4,0.283
712,8QN9,alpha,3,0.282
713,8QN9,rosetta,3,0.428
714,8QN9,alpha,1,0.181
715,8QN9,rosetta,1,0.286
716,8QN9,alpha,4,0.221
717,8QN9,rosetta,4,0.294
718,8QN9,alpha,4,0.213
719,8QN9,rosetta,4,0.746
720,8QN9,alpha,14,0.345
721,8QN9,rosetta,14,0.655
722,8QN9,alpha,1,0.094
723,8QN9,rosetta,1,0.158
724,8QN9,alpha,1,0.166
725,8QN9,rosetta,1,0.192
726,8QN9,alpha,3,0.356
727,8QN9,rosetta,3,0.371
728,8QN9,alpha,1,0.277
729,8QN9,rosetta,1,0.602
730,8QN9,alpha,5,0.368
731,8QN9,rosetta,5,0.742
732,8QN9,alpha,5,0.25
733,8QN9,rosetta,5,0.811
734,8QN9,alpha,2,2.108
735,8QN9,rosetta,2,2.115
736,8QN9,alpha,4,0.353
737,8QN9,rosetta,4,0.664
738,8QN9,alpha,4,0.323
739,8QN9,rosetta,4,0.386
740,8QN9,alpha,5,0.28
741,8QN9,rosetta,5,0.442
742,8QN9,alpha,1,0.23
743,8QN9,rosetta,1,0.135
744,8QN9,alpha,3,0.222
745,8QN9,rosetta,3,0.271
746,8QN9,alpha,1,0.128
747,8QN9,rosetta,1,0.14
748,8QN9,alpha,2,0.213
749,8QN9,rosetta,2,0.325
750,8QN9,alpha,13,0.228
751,8QN9,rosetta,13,0.743
752,8QN9,alpha,1,0.134
753,8QN9,rosetta,1,0.719
754,8KFH,alpha,10,1.15
755,8KFH,rosetta,10,1.538
756,8KFH,alpha,1,0.153
757,8KFH,rosetta,1,0.113
758,8KFH,alpha,1,0.167
759,8KFH,rosetta,1,0.207
760,8KFH,alpha,1,0.112
761,8KFH,rosetta,1,0.164
762,8KFH,alpha,5,0.475
763,8KFH,rosetta,5,0.565
764,8KFH,alpha,1,0.209
765,8KFH,rosetta,1,0.236
766,8KFH,alpha,5,0.342
767,8KFH,rosetta,5,0.79
768,8KFH,alpha,6,0.514
769,8KFH,rosetta,6,0.557
770,8KFH,alpha,6,0.439
771,8KFH,rosetta,6,0.559
772,8KFH,alpha,5,0.71
773,8KFH,rosetta,5,0.863
774,8VHH,alpha,2,0.308
775,8VHH,rosetta,2,0.582
776,8VHH,alpha,2,0.226
777,8VHH,rosetta,2,0.453
778,8VHH,alpha,5,0.29
779,8VHH,rosetta,5,0.35
780,8VHH,alpha,4,0.477
781,8VHH,rosetta,4,0.565
782,8VHH,alpha,1,0.276
783,8VHH,rosetta,1,0.216
784,8VHH,alpha,1,0.123
785,8VHH,rosetta,1,0.167
786,8VHH,alpha,1,0.107
787,8VHH,rosetta,1,0.263
788,8VHH,alpha,2,0.341
789,8VHH,rosetta,2,0.493
790,8VHH,alpha,1,0.188
791,8VHH,rosetta,1,0.115
792,8VHH,alpha,1,0.131
793,8VHH,rosetta,1,0.191
794,8VHH,alpha,4,0.313
795,8VHH,rosetta,4,0.374
796,8VHH,alpha,3,0.393
797,8VHH,rosetta,3,0.531
798,8VHH,alpha,3,0.365
799,8VHH,rosetta,3,0.427
800,8VHH,alpha,1,0.275
801,8VHH,rosetta,1,0.323
802,8VHH,alpha,3,0.336
803,8VHH,rosetta,3,0.293
804,8VHH,alpha,6,0.31
805,8VHH,rosetta,6,0.358
806,8VHH,alpha,4,0.246
807,8VHH,rosetta,4,0.325
808,8VHH,alpha,9,0.35
809,8VHH,rosetta,9,0.707
810,8VHH,alpha,1,0.222
811,8VHH,rosetta,1,0.236
812,8VHH,alpha,5,0.354
813,8VHH,rosetta,5,0.442
814,8VHH,alpha,4,0.419
815,8VHH,rosetta,4,0.486
816,8VHH,alpha,5,0.673
817,8VHH,rosetta,5,0.901
818,8VHH,alpha,3,0.259
819,8VHH,rosetta,3,0.283
820,8VHH,alpha,4,0.385
821,8VHH,rosetta,4,0.552
822,8VHH,alpha,3,0.329
823,8VHH,rosetta,3,0.461
824,8VHH,alpha,1,0.221
825,8VHH,rosetta,1,0.129
826,8VHH,alpha,2,0.228
827,8VHH,rosetta,2,0.297
828,8VHH,alpha,1,0.149
829,8VHH,rosetta,1,0.348
830,8VHH,alpha,4,0.275
831,8VHH,rosetta,4,0.356
832,8VHH,alpha,4,0.294
833,8VHH,rosetta,4,0.316
834,8VHH,alpha,3,0.318
835,8VHH,rosetta,3,0.402
836,8VHH,alpha,2,0.219
837,8VHH,rosetta,2,0.296
838,8VHH,alpha,3,0.196
839,8VHH,rosetta,3,0.418
840,8VHH,alpha,1,0.134
841,8VHH,rosetta,1,0.162
842,8VHH,alpha,3,0.183
843,8VHH,rosetta,3,0.324
844,8VHH,alpha,3,0.222
845,8VHH,rosetta,3,0.316
846,8VHH,alpha,7,0.53
847,8VHH,rosetta,7,1.025
848,8VHH,alpha,1,0.146
849,8VHH,rosetta,1,0.107
850,8VHH,alpha,1,0.233
851,8VHH,rosetta,1,0.29
852,8VHH,alpha,1,0.195
853,8VHH,rosetta,1,0.203
854,8VHH,alpha,2,1.025
855,8VHH,rosetta,2,0.964
856,9CYS,alpha,4,0.934
857,9CYS,rosetta,4,1.146
858,9CYS,alpha,4,0.258
859,9CYS,rosetta,4,0.378
860,9CYS,alpha,6,0.511
861,9CYS,rosetta,6,0.527
862,9CYS,alpha,2,0.289
863,9CYS,rosetta,2,0.902
864,9CYS,alpha,2,0.245
865,9CYS,rosetta,2,0.195
866,9CYS,alpha,4,0.302
867,9CYS,rosetta,4,0.309
868,9CYS,alpha,4,0.363
869,9CYS,rosetta,4,0.432
870,9CYS,alpha,8,1.258
871,9CYS,rosetta,8,1.189
872,9CYS,alpha,1,0.113
873,9CYS,rosetta,1,0.172
874,9CYS,alpha,6,0.381
875,9CYS,rosetta,6,0.461
876,9CYS,alpha,7,1.22
877,9CYS,rosetta,7,1.159
878,9CYS,alpha,5,0.869
879,9CYS,rosetta,5,0.849
880,9CYS,alpha,6,1.599
881,9CYS,rosetta,6,0.889
882,9CYS,alpha,7,0.634
883,9CYS,rosetta,7,0.46
884,9CYS,alpha,1,0.129
885,9CYS,rosetta,1,0.172
886,9CYS,alpha,3,0.233
887,9CYS,rosetta,3,0.484
888,9CYS,alpha,1,0.229
889,9CYS,rosetta,1,0.069
890,9CYS,alpha,2,0.321
891,9CYS,rosetta,2,0.442
892,9CYS,alpha,1,0.147
893,9CYS,rosetta,1,0.3
894,9CYS,alpha,6,1.152
895,9CYS,rosetta,6,1.045
896,9CYS,alpha,3,0.344
897,9CYS,rosetta,3,0.264
898,9CYS,alpha,3,1.065
899,9CYS,rosetta,3,1.079
900,9CYS,alpha,2,0.295
901,9CYS,rosetta,2,0.271
902,9CYS,alpha,6,0.727
903,9CYS,rosetta,6,0.961
904,9CYS,alpha,1,0.163
905,9CYS,rosetta,1,0.137
906,9CYS,alpha,2,0.321
907,9CYS,rosetta,2,0.635
908,9ENK,alpha,7,1.183
909,9ENK,rosetta,7,1.036
910,9ENK,alpha,2,0.223
911,9ENK,rosetta,2,0.298
912,9ENK,alpha,4,0.294
913,9ENK,rosetta,4,0.32
914,9ENK,alpha,6,0.427
915,9ENK,rosetta,6,0.509
916,9ENK,alpha,4,0.344
917,9ENK,rosetta,4,0.561
918,9ENK,alpha,7,0.472
919,9ENK,rosetta,7,0.883
920,9ENK,alpha,5,0.33
921,9ENK,rosetta,5,0.826
922,9ENK,alpha,4,0.286
923,9ENK,rosetta,4,0.336
924,9ENK,alpha,4,0.286
925,9ENK,rosetta,4,0.827
926,9ENK,alpha,3,0.313
927,9ENK,rosetta,3,0.454
928,9ENK,alpha,10,0.434
929,9ENK,rosetta,10,0.911
930,9ENK,alpha,2,0.231
931,9ENK,rosetta,2,0.25
932,9ENK,alpha,8,0.374
933,9ENK,rosetta,8,1.078
934,9ENK,alpha,3,0.362
935,9ENK,rosetta,3,0.446
936,9ENK,alpha,1,0.153
937,9ENK,rosetta,1,0.154
938,9ENK,alpha,3,0.269
939,9ENK,rosetta,3,0.364
940,9ENK,alpha,4,0.269
941,9ENK,rosetta,4,0.442
942,9ENK,alpha,5,0.324
943,9ENK,rosetta,5,0.597
944,9ENK,alpha,5,0.338
945,9ENK,rosetta,5,0.581
946,9ENK,alpha,4,0.461
947,9ENK,rosetta,4,0.923
948,9ENK,alpha,1,0.204
949,9ENK,rosetta,1,0.339
950,9ENK,alpha,5,1.364
951,9ENK,rosetta,5,1.497
952,9ENK,alpha,5,0.357
953,9ENK,rosetta,5,0.314
954,9ENK,alpha,7,0.988
955,9ENK,rosetta,7,1.065
956,9ENK,alpha,4,0.315
957,9ENK,rosetta,4,0.7
958,9ENK,alpha,7,0.373
959,9ENK,rosetta,7,1.171
960,9ENK,alpha,2,0.235
961,9ENK,rosetta,2,0.325
962,9ENK,alpha,1,0.151
963,9ENK,rosetta,1,0.401
964,9ENK,alpha,3,0.302
965,9ENK,rosetta,3,0.316
966,9ENK,alpha,3,0.39
967,9ENK,rosetta,3,0.354
968,9ENK,alpha,7,0.599
969,9ENK,rosetta,7,0.509
970,9ENK,alpha,2,0.32
971,9ENK,rosetta,2,0.476
972,9ENK,alpha,1,0.245
973,9ENK,rosetta,1,0.221
974,9ENK,alpha,3,0.331
975,9ENK,rosetta,3,0.365
976,9ENK,alpha,1,0.087
977,9ENK,rosetta,1,0.167
978,9ENK,alpha,5,0.288
979,9ENK,rosetta,5,0.27
980,9ENK,alpha,6,0.331
981,9ENK,rosetta,6,0.737
982,9ENK,alpha,5,0.323
983,9ENK,rosetta,5,0.741
984,9ENK,alpha,13,0.669
985,9ENK,rosetta,13,1.174
986,9ENK,alpha,7,0.349
987,9ENK,rosetta,7,1.222
988,9ENK,alpha,3,0.303
989,9ENK,rosetta,3,0.429
990,9ENK,alpha,2,0.186
991,9ENK,rosetta,2,0.247
992,9ENK,alpha,10,0.601
993,9ENK,rosetta,10,0.891
994,9ENK,alpha,5,0.325
995,9ENK,rosetta,5,0.555
996,9ENK,alpha,2,0.221
997,9ENK,rosetta,2,0.363
998,9ENK,alpha,2,0.28
999,9ENK,rosetta,2,0.264
1000,9ENK,alpha,4,0.258
1001,9ENK,rosetta,4,0.664
1002,9ENK,alpha,11,0.561
1003,9ENK,rosetta,11,0.718
1004,9ENK,alpha,1,0.184
1005,9ENK,rosetta,1,0.262
1006,9ENK,alpha,10,2.333
1007,9ENK,rosetta,10,2.179
1008,8QNO,alpha,1,0.736
1009,8QNO,rosetta,1,0.733
1010,8QNO,alpha,4,0.415
1011,8QNO,rosetta,4,1.3
1012,8QNO,alpha,2,0.27
1013,8QNO,rosetta,2,0.282
1014,8QNO,alpha,3,0.324
1015,8QNO,rosetta,3,0.414
1016,8QNO,alpha,6,0.316
1017,8QNO,rosetta,6,0.388
1018,8QNO,alpha,3,0.324
1019,8QNO,rosetta,3,0.326
1020,8QNO,alpha,3,0.294
1021,8QNO,rosetta,3,0.311
1022,8QNO,alpha,7,0.347
1023,8QNO,rosetta,7,0.425
1024,8QNO,alpha,3,0.241
1025,8QNO,rosetta,3,0.277
1026,8QNO,alpha,6,0.504
1027,8QNO,rosetta,6,0.408
1028,8QNO,alpha,5,0.266
1029,8QNO,rosetta,5,0.294
1030,8QNO,alpha,3,0.309
1031,8QNO,rosetta,3,0.704
1032,8QNO,alpha,1,0.225
1033,8QNO,rosetta,1,0.132
1034,8QNO,alpha,2,0.2
1035,8QNO,rosetta,2,0.214
1036,8QNO,alpha,2,0.315
1037,8QNO,rosetta,2,0.407
1038,8QNO,alpha,7,0.287
1039,8QNO,rosetta,7,0.407
1040,8QNO,alpha,1,0.159
1041,8QNO,rosetta,1,0.185
1042,8QNO,alpha,7,0.481
1043,8QNO,rosetta,7,0.496
1044,8QNO,alpha,3,0.265
1045,8QNO,rosetta,3,0.517
1046,8QNO,alpha,2,0.249
1047,8QNO,rosetta,2,0.239
1048,8QNO,alpha,3,0.229
1049,8QNO,rosetta,3,0.194
1050,8QNO,alpha,3,0.341
1051,8QNO,rosetta,3,0.27
1052,8QNO,alpha,2,0.205
1053,8QNO,rosetta,2,0.295
1054,8QNO,alpha,2,0.179
1055,8QNO,rosetta,2,0.17
1056,8QNO,alpha,7,0.297
1057,8QNO,rosetta,7,0.787
1058,8QNO,alpha,1,0.191
1059,8QNO,rosetta,1,0.232
1060,8QNO,alpha,3,0.289
1061,8QNO,rosetta,3,0.778
1062,8QNO,alpha,7,0.341
1063,8QNO,rosetta,7,0.675
1064,8QNO,alpha,1,0.239
1065,8QNO,rosetta,1,0.356
1066,8QNO,alpha,2,0.237
1067,8QNO,rosetta,2,0.961
1068,8QNO,alpha,4,0.305
1069,8QNO,rosetta,4,0.299
1070,8QNO,alpha,2,0.361
1071,8QNO,rosetta,2,0.381
1072,8QNO,alpha,6,0.331
1073,8QNO,rosetta,6,0.6
1074,8QNO,alpha,4,0.355
1075,8QNO,rosetta,4,0.355
1076,8QNO,alpha,3,0.243
1077,8QNO,rosetta,3,0.323
1078,8QNO,alpha,9,0.414
1079,8QNO,rosetta,9,1.224
1080,8QNO,alpha,7,0.516
1081,8QNO,rosetta,7,1.427
1082,8X1W,alpha,4,0.545
1083,8X1W,rosetta,4,0.631
1084,8X1W,alpha,4,0.721
1085,8X1W,rosetta,4,0.665
1086,8X1W,alpha,3,0.446
1087,8X1W,rosetta,3,0.355
1088,8X1W,alpha,2,0.258
1089,8X1W,rosetta,2,0.311
1090,8X1W,alpha,1,0.107
1091,8X1W,rosetta,1,0.553
1092,8X1W,alpha,1,0.285
1093,8X1W,rosetta,1,0.534
1094,8X1W,alpha,3,0.272
1095,8X1W,rosetta,3,0.662
1096,8X1W,alpha,3,0.472
1097,8X1W,rosetta,3,0.414
1098,8X1W,alpha,9,0.564
1099,8X1W,rosetta,9,0.786
1100,8X1W,alpha,1,0.141
1101,8X1W,rosetta,1,0.207
1102,8X1W,alpha,5,0.613
1103,8X1W,rosetta,5,0.686
1104,8X1W,alpha,4,0.222
1105,8X1W,rosetta,4,0.356
1106,8X1W,alpha,11,0.566
1107,8X1W,rosetta,11,0.762
1108,8X1W,alpha,9,0.416
1109,8X1W,rosetta,9,0.699
1110,8X1W,alpha,1,0.053
1111,8X1W,rosetta,1,0.198
1112,8X1W,alpha,4,0.26
1113,8X1W,rosetta,4,0.293
1114,8X1W,alpha,1,0.12
1115,8X1W,rosetta,1,0.133
1116,8X1W,alpha,5,0.345
1117,8X1W,rosetta,5,0.737
1118,8X1W,alpha,1,0.137
1119,8X1W,rosetta,1,0.127
1120,8X1W,alpha,2,0.283
1121,8X1W,rosetta,2,0.304
1122,8X1W,alpha,5,0.282
1123,8X1W,rosetta,5,0.462
1124,8X1W,alpha,3,0.386
1125,8X1W,rosetta,3,0.351
1126,8X1W,alpha,2,0.226
1127,8X1W,rosetta,2,0.251
1128,8X1W,alpha,4,0.333
1129,8X1W,rosetta,4,0.33
1130,8X1W,alpha,15,0.456
1131,8X1W,rosetta,15,0.836
1132,8X1W,alpha,3,0.339
1133,8X1W,rosetta,3,0.84
1134,8X1W,alpha,9,0.363
1135,8X1W,rosetta,9,0.904
1136,8X1W,alpha,4,0.303
1137,8X1W,rosetta,4,0.454
1138,8X1W,alpha,20,0.826
1139,8X1W,rosetta,20,0.836
1140,8X1W,alpha,2,0.211
1141,8X1W,rosetta,2,0.449
1142,8V5C,alpha,6,1.302
1143,8V5C,rosetta,6,1.25
1144,8V5C,alpha,3,0.224
1145,8V5C,rosetta,3,0.341
1146,8V5C,alpha,5,0.952
1147,8V5C,rosetta,5,0.929
1148,8V5C,alpha,1,0.202
1149,8V5C,rosetta,1,0.228
1150,8V5C,alpha,5,0.313
1151,8V5C,rosetta,5,0.973
1152,8V5C,alpha,5,0.412
1153,8V5C,rosetta,5,0.81
1154,8V5C,alpha,1,0.201
1155,8V5C,rosetta,1,0.141
1156,8V5C,alpha,4,0.466
1157,8V5C,rosetta,4,0.723
1158,8V5C,alpha,4,0.775
1159,8V5C,rosetta,4,0.683
1160,8V5C,alpha,2,0.276
1161,8V5C,rosetta,2,0.259
1162,8V5C,alpha,6,0.725
1163,8V5C,rosetta,6,0.891
1164,8V5C,alpha,3,0.351
1165,8V5C,rosetta,3,0.903
1166,8YFN,alpha,1,0.54
1167,8YFN,rosetta,1,0.527
1168,8YFN,alpha,8,0.258
1169,8YFN,rosetta,8,0.722
1170,8YFN,alpha,4,0.336
1171,8YFN,rosetta,4,0.484
1172,8YFN,alpha,7,0.374
1173,8YFN,rosetta,7,0.575
1174,8YFN,alpha,2,0.3
1175,8YFN,rosetta,2,0.289
1176,8YFN,alpha,8,1.261
1177,8YFN,rosetta,8,1.113
1178,8YFN,alpha,13,0.392
1179,8YFN,rosetta,13,0.399
1180,8YFN,alpha,2,0.868
1181,8YFN,rosetta,2,0.839
1182,8IDW,alpha,2,0.674
1183,8IDW,rosetta,2,0.792
1184,8IDW,alpha,3,0.389
1185,8IDW,rosetta,3,0.207
1186,8IDW,alpha,1,0.101
1187,8IDW,rosetta,1,0.093
1188,8IDW,alpha,3,0.295
1189,8IDW,rosetta,3,0.477
1190,8IDW,alpha,24,0.773
1191,8IDW,rosetta,24,0.839
1192,8IDW,alpha,5,0.45
1193,8IDW,rosetta,5,0.311
1194,8IDW,alpha,6,0.319
1195,8IDW,rosetta,6,0.464
1196,8IDW,alpha,2,0.187
1197,8IDW,rosetta,2,0.306
1198,8IDW,alpha,1,0.211
1199,8IDW,rosetta,1,0.303
1200,8IDW,alpha,2,0.345
1201,8IDW,rosetta,2,0.336
1202,8IDW,alpha,5,0.394
1203,8IDW,rosetta,5,0.454
1204,8IDW,alpha,2,0.321
1205,8IDW,rosetta,2,0.365
1206,8IDW,alpha,5,0.331
1207,8IDW,rosetta,5,0.386
1208,8IDW,alpha,8,1.084
1209,8IDW,rosetta,8,1.097
1210,8Q3D,alpha,5,0.753
1211,8Q3D,rosetta,5,1.104
1212,8Q3D,alpha,6,0.413
1213,8Q3D,rosetta,6,0.644
1214,8Q3D,alpha,8,0.433
1215,8Q3D,rosetta,8,0.712
1216,8Q3D,alpha,3,0.276
1217,8Q3D,rosetta,3,0.318
1218,8Q3D,alpha,3,0.272
1219,8Q3D,rosetta,3,0.672
1220,8Q3D,alpha,6,0.413
1221,8Q3D,rosetta,6,0.986
1222,8Q3D,alpha,2,0.189
1223,8Q3D,rosetta,2,0.895
1224,8Q3D,alpha,5,0.242
1225,8Q3D,rosetta,5,0.318
1226,8Q3D,alpha,2,0.228
1227,8Q3D,rosetta,2,0.822
1228,8Q3D,alpha,5,0.318
1229,8Q3D,rosetta,5,0.631
1230,8Q3D,alpha,3,0.277
1231,8Q3D,rosetta,3,0.515
1232,8Q3D,alpha,6,0.218
1233,8Q3D,rosetta,6,0.495
1234,8Q3D,alpha,5,0.314
1235,8Q3D,rosetta,5,0.793
1236,8Q3D,alpha,2,0.162
1237,8Q3D,rosetta,2,0.507
1238,8Q3D,alpha,1,0.156
1239,8Q3D,rosetta,1,0.152
1240,8Q3D,alpha,4,0.438
1241,8Q3D,rosetta,4,0.889
1242,8Q3D,alpha,6,0.241
1243,8Q3D,rosetta,6,0.462
1244,8Q3D,alpha,8,0.28
1245,8Q3D,rosetta,8,0.846
1246,8Q3D,alpha,2,0.204
1247,8Q3D,rosetta,2,0.279
1248,8Q3D,alpha,11,0.478
1249,8Q3D,rosetta,11,0.776
1250,8Q3D,alpha,10,0.276
1251,8Q3D,rosetta,10,0.657
1252,8Q3D,alpha,2,0.126
1253,8Q3D,rosetta,2,0.176
1254,8Q3D,alpha,4,0.237
1255,8Q3D,rosetta,4,0.292
1256,8Q3D,alpha,2,0.228
1257,8Q3D,rosetta,2,0.338
1258,8Q3D,alpha,2,0.189
1259,8Q3D,rosetta,2,0.334
1260,8Q3D,alpha,3,0.222
1261,8Q3D,rosetta,3,0.285
1262,8Q3D,alpha,5,0.292
1263,8Q3D,rosetta,5,0.35
1264,8Q3D,alpha,2,0.219
1265,8Q3D,rosetta,2,0.329
1266,8Q3D,alpha,7,0.353
1267,8Q3D,rosetta,7,0.511
1268,8Q3D,alpha,1,0.13
1269,8Q3D,rosetta,1,0.114
1270,8Q3D,alpha,3,0.233
1271,8Q3D,rosetta,3,0.534
1272,8Q3D,alpha,5,0.327
1273,8Q3D,rosetta,5,0.46
1274,8Q3D,alpha,4,0.204
1275,8Q3D,rosetta,4,0.283
1276,8Q3D,alpha,4,0.268
1277,8Q3D,rosetta,4,0.648
1278,8Q3D,alpha,7,0.276
1279,8Q3D,rosetta,7,0.455
1280,8Q3D,alpha,2,0.18
1281,8Q3D,rosetta,2,0.374
1282,8Q3D,alpha,5,0.255
1283,8Q3D,rosetta,5,0.883
1284,8Q3D,alpha,5,0.484
1285,8Q3D,rosetta,5,0.917
1286,9EM3,alpha,1,0.142
1287,9EM3,rosetta,1,0.191
1288,9EM3,alpha,2,0.249
1289,9EM3,rosetta,2,0.417
1290,9EM3,alpha,2,0.206
1291,9EM3,rosetta,2,0.387
1292,9EM3,alpha,3,0.297
1293,9EM3,rosetta,3,0.85
1294,9EM3,alpha,8,0.267
1295,9EM3,rosetta,8,0.663
1296,9EM3,alpha,3,0.22
1297,9EM3,rosetta,3,0.34
1298,9EM3,alpha,5,0.264
1299,9EM3,rosetta,5,0.375
1300,9EM3,alpha,12,0.312
1301,9EM3,rosetta,12,0.765
1302,9EM3,alpha,3,0.349
1303,9EM3,rosetta,3,0.406
1304,9EM3,alpha,4,0.237
1305,9EM3,rosetta,4,0.308
1306,9EM3,alpha,7,0.285
1307,9EM3,rosetta,7,0.684
1308,9EM3,alpha,1,0.152
1309,9EM3,rosetta,1,0.18
1310,9EM3,alpha,3,0.296
1311,9EM3,rosetta,3,0.363
1312,9EM3,alpha,4,0.258
1313,9EM3,rosetta,4,0.483
1314,9EM3,alpha,4,0.259
1315,9EM3,rosetta,4,0.23
1316,9EM3,alpha,3,0.249
1317,9EM3,rosetta,3,0.563
1318,9EM3,alpha,1,0.204
1319,9EM3,rosetta,1,0.249
1320,9EM3,alpha,3,0.237
1321,9EM3,rosetta,3,0.245
1322,9EM3,alpha,4,0.283
1323,9EM3,rosetta,4,0.716
1324,9EM3,alpha,14,0.316
1325,9EM3,rosetta,14,0.645
1326,9EM3,alpha,1,0.134
1327,9EM3,rosetta,1,0.099
1328,9EM3,alpha,1,0.133
1329,9EM3,rosetta,1,0.139
1330,9EM3,alpha,13,0.343
1331,9EM3,rosetta,13,0.594
1332,9EM3,alpha,5,0.235
1333,9EM3,rosetta,5,0.377
1334,9EM3,alpha,4,1.146
1335,9EM3,rosetta,4,1.271
1336,9EM3,alpha,4,0.291
1337,9EM3,rosetta,4,0.63
1338,9EM3,alpha,4,0.348
1339,9EM3,rosetta,4,0.438
1340,9EM3,alpha,5,0.35
1341,9EM3,rosetta,5,0.389
1342,9EM3,alpha,1,0.189
1343,9EM3,rosetta,1,0.164
1344,9EM3,alpha,3,0.233
1345,9EM3,rosetta,3,0.297
1346,9EM3,alpha,1,0.152
1347,9EM3,rosetta,1,0.168
1348,9EM3,alpha,2,0.329
1349,9EM3,rosetta,2,0.392
1350,9EM3,alpha,17,0.373
1351,9EM3,rosetta,17,0.896
1352,8QES,alpha,1,0.274
1353,8QES,rosetta,1,0.297
1354,8QES,alpha,2,0.266
1355,8QES,rosetta,2,0.287
1356,8QES,alpha,3,0.313
1357,8QES,rosetta,3,0.393
1358,8QES,alpha,4,0.321
1359,8QES,rosetta,4,0.294
1360,8QES,alpha,3,0.288
1361,8QES,rosetta,3,0.51
1362,8QES,alpha,3,0.263
1363,8QES,rosetta,3,0.494
1364,8QES,alpha,2,0.273
1365,8QES,rosetta,2,0.537
1366,8QES,alpha,4,0.34
1367,8QES,rosetta,4,0.548
1368,8QES,alpha,2,0.209
1369,8QES,rosetta,2,0.273
1370,8QES,alpha,4,0.249
1371,8QES,rosetta,4,0.435
1372,8QES,alpha,6,0.379
1373,8QES,rosetta,6,0.552
1374,8QES,alpha,3,0.248
1375,8QES,rosetta,3,0.376
1376,8QES,alpha,3,0.283
1377,8QES,rosetta,3,0.277
1378,8QES,alpha,2,0.273
1379,8QES,rosetta,2,0.212
1380,8QES,alpha,4,0.255
1381,8QES,rosetta,4,0.366
1382,8QES,alpha,1,0.122
1383,8QES,rosetta,1,0.156
1384,8QES,alpha,1,0.182
1385,8QES,rosetta,1,0.219
1386,8QES,alpha,1,0.155
1387,8QES,rosetta,1,0.147
1388,8QES,alpha,4,0.281
1389,8QES,rosetta,4,0.326
1390,8QES,alpha,1,0.196
1391,8QES,rosetta,1,0.209
1392,8QES,alpha,4,0.281
1393,8QES,rosetta,4,0.526
1394,8VPU,alpha,6,0.436
1395,8VPU,rosetta,6,0.831
1396,8VPU,alpha,4,0.269
1397,8VPU,rosetta,4,0.533
1398,8VPU,alpha,6,0.401
1399,8VPU,rosetta,6,1.037
1400,8VPU,alpha,3,0.146
1401,8VPU,rosetta,3,0.388
1402,8VPU,alpha,5,0.291
1403,8VPU,rosetta,5,0.44
1404,8VPU,alpha,3,0.198
1405,8VPU,rosetta,3,0.272
1406,8VPU,alpha,2,0.166
1407,8VPU,rosetta,2,0.225
1408,8VPU,alpha,5,0.248
1409,8VPU,rosetta,5,0.363
1410,8VPU,alpha,3,0.271
1411,8VPU,rosetta,3,0.32
1412,8VPU,alpha,3,0.186
1413,8VPU,rosetta,3,0.298
1414,8VPU,alpha,6,0.257
1415,8VPU,rosetta,6,0.827
1416,8VPU,alpha,2,0.163
1417,8VPU,rosetta,2,0.277
1418,8VPU,alpha,6,0.249
1419,8VPU,rosetta,6,0.853
1420,8VPU,alpha,5,0.427
1421,8VPU,rosetta,5,0.382
1422,8VPU,alpha,4,0.196
1423,8VPU,rosetta,4,0.6
1424,8VPU,alpha,3,0.262
1425,8VPU,rosetta,3,0.441
1426,8VPU,alpha,4,0.226
1427,8VPU,rosetta,4,0.349
1428,8VPU,alpha,4,0.221
1429,8VPU,rosetta,4,0.299
1430,8VPU,alpha,2,0.149
1431,8VPU,rosetta,2,0.233
1432,8VPU,alpha,5,0.219
1433,8VPU,rosetta,5,0.434
1434,8VPU,alpha,3,0.195
1435,8VPU,rosetta,3,0.296
1436,8VPU,alpha,3,0.227
1437,8VPU,rosetta,3,0.322
1438,8VPU,alpha,3,0.278
1439,8VPU,rosetta,3,0.775
1440,8VPU,alpha,2,0.192
1441,8VPU,rosetta,2,0.51
1442,8VPU,alpha,3,0.233
1443,8VPU,rosetta,3,0.359
1444,8VPU,alpha,3,0.556
1445,8VPU,rosetta,3,0.602
1446,8VPU,alpha,2,0.258
1447,8VPU,rosetta,2,0.242
1448,8VPU,alpha,2,0.161
1449,8VPU,rosetta,2,0.219
1450,8VPU,alpha,6,0.439
1451,8VPU,rosetta,6,0.466
1452,8VPU,alpha,2,0.552
1453,8VPU,rosetta,2,0.713
1454,8Q4S,alpha,2,0.68
1455,8Q4S,rosetta,2,0.756
1456,8Q4S,alpha,1,0.182
1457,8Q4S,rosetta,1,0.189
1458,8Q4S,alpha,2,0.342
1459,8Q4S,rosetta,2,0.409
1460,8Q4S,alpha,1,0.237
1461,8Q4S,rosetta,1,0.185
1462,8Q4S,alpha,7,0.393
1463,8Q4S,rosetta,7,0.348
1464,8Q4S,alpha,1,0.12
1465,8Q4S,rosetta,1,0.116
1466,8Q4S,alpha,1,0.11
1467,8Q4S,rosetta,1,0.125
1468,8Q4S,alpha,4,0.409
1469,8Q4S,rosetta,4,0.706
1470,8Q4S,alpha,5,0.753
1471,8Q4S,rosetta,5,0.329
1472,8Q4S,alpha,7,0.408
1473,8Q4S,rosetta,7,0.731
1474,8Q4S,alpha,1,0.166
1475,8Q4S,rosetta,1,0.293
1476,8Q4S,alpha,3,0.333
1477,8Q4S,rosetta,3,0.548
1478,8Q4S,alpha,4,0.391
1479,8Q4S,rosetta,4,0.471
1480,8Q4S,alpha,4,0.291
1481,8Q4S,rosetta,4,0.44
1482,8Q4S,alpha,5,0.305
1483,8Q4S,rosetta,5,0.31
1484,8Q4S,alpha,2,0.233
1485,8Q4S,rosetta,2,0.141
1486,8Q4S,alpha,2,0.22
1487,8Q4S,rosetta,2,0.303
1488,8Q4S,alpha,2,0.177
1489,8Q4S,rosetta,2,0.269
1490,8Q4S,alpha,3,0.252
1491,8Q4S,rosetta,3,0.278
1492,8Q4S,alpha,3,0.228
1493,8Q4S,rosetta,3,0.373
1494,8Q4S,alpha,1,0.231
1495,8Q4S,rosetta,1,0.189
1496,8Q4S,alpha,3,0.286
1497,8Q4S,rosetta,3,0.336
1498,8Q4S,alpha,2,0.202
1499,8Q4S,rosetta,2,0.266
1500,8Q4S,alpha,1,0.246
1501,8Q4S,rosetta,1,0.219
1502,8Q4S,alpha,4,0.302
1503,8Q4S,rosetta,4,0.517
1504,8Q4S,alpha,2,0.249
1505,8Q4S,rosetta,2,0.318
1506,8Q4S,alpha,2,0.204
1507,8Q4S,rosetta,2,0.864
1508,8Q4S,alpha,3,0.317
1509,8Q4S,rosetta,3,0.434
1510,8Q4S,alpha,4,0.402
1511,8Q4S,rosetta,4,0.428
1512,8Q4S,alpha,5,0.317
1513,8Q4S,rosetta,5,0.759
1514,8Q4S,alpha,4,0.313
1515,8Q4S,rosetta,4,0.402
1516,8Q4S,alpha,3,0.632
1517,8Q4S,rosetta,3,0.607
1518,8YFL,alpha,4,1.037
1519,8YFL,rosetta,4,1.212
1520,8YFL,alpha,9,0.328
1521,8YFL,rosetta,9,0.719
1522,8YFL,alpha,4,0.357
1523,8YFL,rosetta,4,0.501
1524,8YFL,alpha,7,0.383
1525,8YFL,rosetta,7,0.541
1526,8YFL,alpha,1,0.117
1527,8YFL,rosetta,1,0.106
1528,8YFL,alpha,7,1.328
1529,8YFL,rosetta,7,1.201
1530,8YFL,alpha,13,0.35
1531,8YFL,rosetta,13,0.501
1532,8YFL,alpha,2,0.648
1533,8YFL,rosetta,2,0.85
1534,8S8Y,alpha,1,0.168
1535,8S8Y,rosetta,1,0.269
1536,8S8Y,alpha,2,0.21
1537,8S8Y,rosetta,2,0.392
1538,8S8Y,alpha,2,0.421
1539,8S8Y,rosetta,2,0.554
1540,8S8Y,alpha,3,0.254
1541,8S8Y,rosetta,3,0.791
1542,8S8Y,alpha,8,0.281
1543,8S8Y,rosetta,8,0.613
1544,8S8Y,alpha,3,0.309
1545,8S8Y,rosetta,3,0.559
1546,8S8Y,alpha,5,0.281
1547,8S8Y,rosetta,5,0.339
1548,8S8Y,alpha,12,0.295
1549,8S8Y,rosetta,12,0.702
1550,8S8Y,alpha,3,0.309
1551,8S8Y,rosetta,3,0.36
1552,8S8Y,alpha,3,0.205
1553,8S8Y,rosetta,3,0.268
1554,8S8Y,alpha,7,0.295
1555,8S8Y,rosetta,7,0.74
1556,8S8Y,alpha,1,0.184
1557,8S8Y,rosetta,1,0.117
1558,8S8Y,alpha,3,0.229
1559,8S8Y,rosetta,3,0.327
1560,8S8Y,alpha,4,0.373
1561,8S8Y,rosetta,4,0.512
1562,8S8Y,alpha,4,0.279
1563,8S8Y,rosetta,4,0.346
1564,8S8Y,alpha,3,0.27
1565,8S8Y,rosetta,3,0.65
1566,8S8Y,alpha,4,0.292
1567,8S8Y,rosetta,4,0.335
1568,8S8Y,alpha,4,0.233
1569,8S8Y,rosetta,4,0.35
1570,8S8Y,alpha,14,0.369
1571,8S8Y,rosetta,14,0.751
1572,8S8Y,alpha,1,0.136
1573,8S8Y,rosetta,1,0.133
1574,8S8Y,alpha,1,0.119
1575,8S8Y,rosetta,1,0.175
1576,8S8Y,alpha,13,0.644
1577,8S8Y,rosetta,13,0.642
1578,8S8Y,alpha,5,0.332
1579,8S8Y,rosetta,5,0.464
1580,8S8Y,alpha,12,1.734
1581,8S8Y,rosetta,12,1.53
1582,8S8Y,alpha,4,0.378
1583,8S8Y,rosetta,4,0.681
1584,8S8Y,alpha,4,0.263
1585,8S8Y,rosetta,4,0.657
1586,8S8Y,alpha,5,0.302
1587,8S8Y,rosetta,5,0.395
1588,8S8Y,alpha,1,0.291
1589,8S8Y,rosetta,1,0.205
1590,8S8Y,alpha,3,0.247
1591,8S8Y,rosetta,3,0.85
1592,8S8Y,alpha,4,0.3
1593,8S8Y,rosetta,4,0.371
1594,8S8Y,alpha,1,0.164
1595,8S8Y,rosetta,1,0.287
1596,8S8Y,alpha,13,0.285
1597,8S8Y,rosetta,13,0.921
1598,8S8Y,alpha,1,0.12
1599,8S8Y,rosetta,1,0.697
1600,9B1V,alpha,1,0.247
1601,9B1V,rosetta,1,0.203
1602,9B1V,alpha,5,0.433
1603,9B1V,rosetta,5,0.581
1604,9B1V,alpha,3,0.244
1605,9B1V,rosetta,3,0.353
1606,9B1V,alpha,2,0.245
1607,9B1V,rosetta,2,0.164
1608,9B1V,alpha,3,0.206
1609,9B1V,rosetta,3,0.352
1610,9B1V,alpha,5,0.413
1611,9B1V,rosetta,5,0.347
1612,9B1V,alpha,5,0.593
1613,9B1V,rosetta,5,0.653
1614,9B1V,alpha,4,0.75
1615,9B1V,rosetta,4,0.867
1616,9B1V,alpha,7,0.643
1617,9B1V,rosetta,7,0.628
1618,9B1V,alpha,3,0.212
1619,9B1V,rosetta,3,0.234
1620,9B1V,alpha,5,0.326
1621,9B1V,rosetta,5,0.825
1622,9B1V,alpha,3,0.367
1623,9B1V,rosetta,3,0.364
1624,9B1V,alpha,1,0.144
1625,9B1V,rosetta,1,0.156
1626,9B1V,alpha,1,0.216
1627,9B1V,rosetta,1,0.147
1628,9B1V,alpha,4,0.268
1629,9B1V,rosetta,4,0.459
1630,9B1V,alpha,3,0.317
1631,9B1V,rosetta,3,0.464
1632,9B1V,alpha,3,0.452
1633,9B1V,rosetta,3,0.438
1634,9B1V,alpha,1,0.251
1635,9B1V,rosetta,1,0.25
1636,9B1V,alpha,8,0.763
1637,9B1V,rosetta,8,0.596
1638,9B1V,alpha,1,0.143
1639,9B1V,rosetta,1,0.141
1640,9B1V,alpha,1,0.249
1641,9B1V,rosetta,1,0.196
1642,9B1V,alpha,3,0.25
1643,9B1V,rosetta,3,0.402
1644,9B1V,alpha,4,0.792
1645,9B1V,rosetta,4,0.825
1646,9B1V,alpha,5,0.328
1647,9B1V,rosetta,5,0.814
1648,9B1V,alpha,13,1.591
1649,9B1V,rosetta,13,1.651
1650,9B1V,alpha,3,0.684
1651,9B1V,rosetta,3,0.699
1652,9B1V,alpha,2,0.484
1653,9B1V,rosetta,2,0.82
1654,8GAC,alpha,1,0.643
1655,8GAC,rosetta,1,0.365
1656,8GAC,alpha,2,0.375
1657,8GAC,rosetta,2,0.397
1658,8GAC,alpha,3,0.215
1659,8GAC,rosetta,3,0.244
1660,8GAC,alpha,2,0.201
1661,8GAC,rosetta,2,0.43
1662,8GAC,alpha,3,0.269
1663,8GAC,rosetta,3,0.372
1664,8GAC,alpha,1,0.353
1665,8GAC,rosetta,1,0.124
1666,8RLJ,alpha,1,0.28
1667,8RLJ,rosetta,1,0.726
1668,8RLJ,alpha,4,0.357
1669,8RLJ,rosetta,4,1.3
1670,8RLJ,alpha,5,0.435
1671,8RLJ,rosetta,5,0.931
1672,8RLJ,alpha,2,0.275
1673,8RLJ,rosetta,2,0.439
1674,8RLJ,alpha,3,0.321
1675,8RLJ,rosetta,3,0.556
1676,8RLJ,alpha,10,0.443
1677,8RLJ,rosetta,10,0.784
1678,8RLJ,alpha,7,0.583
1679,8RLJ,rosetta,7,0.468
1680,8RLJ,alpha,2,0.403
1681,8RLJ,rosetta,2,0.781
1682,8RLJ,alpha,1,0.234
1683,8RLJ,rosetta,1,0.249
1684,8RLJ,alpha,1,0.157
1685,8RLJ,rosetta,1,0.203
1686,8RLJ,alpha,2,0.327
1687,8RLJ,rosetta,2,0.449
1688,8RLJ,alpha,9,0.375
1689,8RLJ,rosetta,9,0.681
1690,8RLJ,alpha,3,0.371
1691,8RLJ,rosetta,3,0.962
1692,8RLJ,alpha,8,0.372
1693,8RLJ,rosetta,8,0.49
1694,8RLJ,alpha,1,0.113
1695,8RLJ,rosetta,1,0.2
1696,8RLJ,alpha,8,0.293
1697,8RLJ,rosetta,8,0.65
1698,8RLJ,alpha,5,0.262
1699,8RLJ,rosetta,5,0.801
1700,8RLJ,alpha,11,0.571
1701,8RLJ,rosetta,11,0.559
1702,8RLJ,alpha,5,0.368
1703,8RLJ,rosetta,5,0.579
1704,8RLJ,alpha,11,0.33
1705,8RLJ,rosetta,11,0.584
1706,8RLJ,alpha,3,0.297
1707,8RLJ,rosetta,3,0.406
1708,8RLJ,alpha,4,0.469
1709,8RLJ,rosetta,4,0.498
1710,8RLJ,alpha,6,0.369
1711,8RLJ,rosetta,6,0.744
1712,8RLJ,alpha,5,0.362
1713,8RLJ,rosetta,5,0.652
1714,8RLJ,alpha,1,0.157
1715,8RLJ,rosetta,1,0.104
1716,8RLJ,alpha,3,0.228
1717,8RLJ,rosetta,3,0.332
1718,8RLJ,alpha,2,0.267
1719,8RLJ,rosetta,2,0.291
1720,8RLJ,alpha,2,0.246
1721,8RLJ,rosetta,2,0.262
1722,8RLJ,alpha,2,0.271
1723,8RLJ,rosetta,2,0.349
1724,8RLJ,alpha,14,0.752
1725,8RLJ,rosetta,14,1.597
1726,8RLJ,alpha,4,0.416
1727,8RLJ,rosetta,4,0.954
1728,8RLJ,alpha,4,0.352
1729,8RLJ,rosetta,4,0.601
1730,8RLJ,alpha,6,0.405
1731,8RLJ,rosetta,6,0.931
1732,8RLJ,alpha,7,0.572
1733,8RLJ,rosetta,7,0.946
1734,8RLJ,alpha,3,0.236
1735,8RLJ,rosetta,3,0.679
1736,8RLJ,alpha,4,0.328
1737,8RLJ,rosetta,4,0.322
1738,8RLJ,alpha,7,0.671
1739,8RLJ,rosetta,7,0.682
1740,8RLJ,alpha,2,0.56
1741,8RLJ,rosetta,2,0.57
1742,8VJV,alpha,16,0.531
1743,8VJV,rosetta,16,1.022
1744,8VJV,alpha,2,0.245
1745,8VJV,rosetta,2,0.887
1746,8VJV,alpha,2,0.325
1747,8VJV,rosetta,2,0.383
1748,8VJV,alpha,1,0.133
1749,8VJV,rosetta,1,0.257
1750,8VJV,alpha,3,0.258
1751,8VJV,rosetta,3,0.799
1752,8VJV,alpha,2,0.279
1753,8VJV,rosetta,2,0.333
1754,8VJV,alpha,2,0.292
1755,8VJV,rosetta,2,0.291
1756,8VJV,alpha,2,0.183
1757,8VJV,rosetta,2,0.345
1758,8VJV,alpha,7,0.329
1759,8VJV,rosetta,7,0.424
1760,8VJV,alpha,4,0.376
1761,8VJV,rosetta,4,0.568
1762,8VJV,alpha,2,0.251
1763,8VJV,rosetta,2,0.291
1764,8VJV,alpha,4,0.336
1765,8VJV,rosetta,4,0.711
1766,8VJV,alpha,3,0.313
1767,8VJV,rosetta,3,0.38
1768,8VJV,alpha,5,0.396
1769,8VJV,rosetta,5,0.453
1770,8VJV,alpha,2,0.262
1771,8VJV,rosetta,2,0.27
1772,8VJV,alpha,3,0.255
1773,8VJV,rosetta,3,0.292
1774,8VJV,alpha,4,0.299
1775,8VJV,rosetta,4,0.324
1776,8VJV,alpha,5,0.322
1777,8VJV,rosetta,5,0.336
1778,8VJV,alpha,7,0.355
1779,8VJV,rosetta,7,0.365
1780,8VJV,alpha,9,0.37
1781,8VJV,rosetta,9,0.578
1782,8VJV,alpha,3,0.287
1783,8VJV,rosetta,3,0.382
1784,8VJV,alpha,1,0.169
1785,8VJV,rosetta,1,0.159
1786,8VJV,alpha,2,0.205
1787,8VJV,rosetta,2,0.311
1788,8VJV,alpha,10,0.391
1789,8VJV,rosetta,10,0.589
1790,8VJV,alpha,5,0.248
1791,8VJV,rosetta,5,0.523
1792,8VJV,alpha,11,0.416
1793,8VJV,rosetta,11,0.647
1794,8VJV,alpha,3,0.262
1795,8VJV,rosetta,3,0.538
1796,8VJV,alpha,4,0.337
1797,8VJV,rosetta,4,0.308
1798,8VJV,alpha,2,0.267
1799,8VJV,rosetta,2,0.658
1800,8VJV,alpha,7,0.8
1801,8VJV,rosetta,7,1.056
1802,8VJV,alpha,2,0.237
1803,8VJV,rosetta,2,0.301
1804,8VJV,alpha,5,0.354
1805,8VJV,rosetta,5,0.338
1806,8VJV,alpha,11,0.298
1807,8VJV,rosetta,11,0.714
1808,8VJV,alpha,1,0.148
1809,8VJV,rosetta,1,0.166
1810,8VJV,alpha,7,0.466
1811,8VJV,rosetta,7,0.58
1812,8VJV,alpha,2,0.199
1813,8VJV,rosetta,2,0.911
1814,8VJV,alpha,7,0.765
1815,8VJV,rosetta,7,0.801
1816,8VJV,alpha,2,0.304
1817,8VJV,rosetta,2,0.235
1818,8VJV,alpha,4,0.23
1819,8VJV,rosetta,4,0.755
1820,8VJV,alpha,1,0.171
1821,8VJV,rosetta,1,0.105
1822,8VJV,alpha,9,0.401
1823,8VJV,rosetta,9,0.671
1824,8VJV,alpha,7,0.451
1825,8VJV,rosetta,7,0.574
1826,8VJV,alpha,7,0.289
1827,8VJV,rosetta,7,0.396
1828,8VJV,alpha,6,0.379
1829,8VJV,rosetta,6,0.489
1830,8VJV,alpha,4,0.695
1831,8VJV,rosetta,4,0.931
1832,9CYQ,alpha,2,0.788
1833,9CYQ,rosetta,2,0.646
1834,9CYQ,alpha,3,0.359
1835,9CYQ,rosetta,3,0.402
1836,9CYQ,alpha,6,0.402
1837,9CYQ,rosetta,6,0.596
1838,9CYQ,alpha,1,0.142
1839,9CYQ,rosetta,1,0.125
1840,9CYQ,alpha,12,0.33
1841,9CYQ,rosetta,12,0.66
1842,9CYQ,alpha,7,0.477
1843,9CYQ,rosetta,7,0.93
1844,9CYQ,alpha,4,0.399
1845,9CYQ,rosetta,4,0.452
1846,9CYQ,alpha,3,0.418
1847,9CYQ,rosetta,3,0.321
1848,9CYQ,alpha,4,0.285
1849,9CYQ,rosetta,4,0.376
1850,9CYQ,alpha,4,0.393
1851,9CYQ,rosetta,4,0.51
1852,9CYQ,alpha,2,0.171
1853,9CYQ,rosetta,2,0.81
1854,9CYQ,alpha,13,1.051
1855,9CYQ,rosetta,13,0.665
1856,9CYQ,alpha,4,0.391
1857,9CYQ,rosetta,4,0.415
1858,9CYQ,alpha,3,0.361
1859,9CYQ,rosetta,3,0.474
1860,9CYQ,alpha,5,0.392
1861,9CYQ,rosetta,5,0.506
1862,9CYQ,alpha,12,1.058
1863,9CYQ,rosetta,12,1.035
1864,9CYQ,alpha,8,0.355
1865,9CYQ,rosetta,8,0.724
1866,9CYQ,alpha,6,0.354
1867,9CYQ,rosetta,6,0.723
1868,9CYQ,alpha,8,0.456
1869,9CYQ,rosetta,8,0.946
1870,9CYQ,alpha,10,0.282
1871,9CYQ,rosetta,10,0.861
1872,9CYQ,alpha,6,0.898
1873,9CYQ,rosetta,6,0.697
1874,9ENI,alpha,7,1.186
1875,9ENI,rosetta,7,1.413
1876,9ENI,alpha,2,0.252
1877,9ENI,rosetta,2,0.323
1878,9ENI,alpha,4,0.304
1879,9ENI,rosetta,4,0.301
1880,9ENI,alpha,6,0.417
1881,9ENI,rosetta,6,0.532
1882,9ENI,alpha,4,0.348
1883,9ENI,rosetta,4,0.586
1884,9ENI,alpha,7,0.457
1885,9ENI,rosetta,7,1.109
1886,9ENI,alpha,5,0.342
1887,9ENI,rosetta,5,0.855
1888,9ENI,alpha,4,0.331
1889,9ENI,rosetta,4,0.331
1890,9ENI,alpha,4,0.305
1891,9ENI,rosetta,4,0.429
1892,9ENI,alpha,3,0.292
1893,9ENI,rosetta,3,0.302
1894,9ENI,alpha,10,0.457
1895,9ENI,rosetta,10,1.151
1896,9ENI,alpha,2,0.24
1897,9ENI,rosetta,2,0.252
1898,9ENI,alpha,8,0.685
1899,9ENI,rosetta,8,1.088
1900,9ENI,alpha,3,0.402
1901,9ENI,rosetta,3,0.398
1902,9ENI,alpha,1,0.183
1903,9ENI,rosetta,1,0.094
1904,9ENI,alpha,3,0.267
1905,9ENI,rosetta,3,0.383
1906,9ENI,alpha,4,0.277
1907,9ENI,rosetta,4,0.448
1908,9ENI,alpha,5,0.291
1909,9ENI,rosetta,5,0.617
1910,9ENI,alpha,5,0.302
1911,9ENI,rosetta,5,0.611
1912,9ENI,alpha,4,0.456
1913,9ENI,rosetta,4,0.534
1914,9ENI,alpha,1,0.21
1915,9ENI,rosetta,1,0.363
1916,9ENI,alpha,6,1.215
1917,9ENI,rosetta,6,1.21
1918,9ENI,alpha,5,0.385
1919,9ENI,rosetta,5,0.819
1920,9ENI,alpha,7,0.967
1921,9ENI,rosetta,7,0.788
1922,9ENI,alpha,4,0.28
1923,9ENI,rosetta,4,0.691
1924,9ENI,alpha,7,0.418
1925,9ENI,rosetta,7,1.265
1926,9ENI,alpha,2,0.224
1927,9ENI,rosetta,2,0.942
1928,9ENI,alpha,1,0.15
1929,9ENI,rosetta,1,0.38
1930,9ENI,alpha,3,0.303
1931,9ENI,rosetta,3,0.383
1932,9ENI,alpha,3,0.381
1933,9ENI,rosetta,3,0.307
1934,9ENI,alpha,7,0.594
1935,9ENI,rosetta,7,0.615
1936,9ENI,alpha,2,0.318
1937,9ENI,rosetta,2,0.553
1938,9ENI,alpha,1,0.254
1939,9ENI,rosetta,1,0.195
1940,9ENI,alpha,3,0.328
1941,9ENI,rosetta,3,0.411
1942,9ENI,alpha,1,0.092
1943,9ENI,rosetta,1,0.123
1944,9ENI,alpha,5,0.276
1945,9ENI,rosetta,5,0.264
1946,9ENI,alpha,6,0.362
1947,9ENI,rosetta,6,0.792
1948,9ENI,alpha,5,0.285
1949,9ENI,rosetta,5,0.735
1950,9ENI,alpha,13,0.653
1951,9ENI,rosetta,13,1.002
1952,9ENI,alpha,7,0.345
1953,9ENI,rosetta,7,1.108
1954,9ENI,alpha,3,0.298
1955,9ENI,rosetta,3,0.469
1956,9ENI,alpha,2,0.198
1957,9ENI,rosetta,2,0.266
1958,9ENI,alpha,10,0.579
1959,9ENI,rosetta,10,0.929
1960,9ENI,alpha,1,0.173
1961,9ENI,rosetta,1,0.639
1962,9ENI,alpha,2,0.239
1963,9ENI,rosetta,2,0.253
1964,9ENI,alpha,2,0.207
1965,9ENI,rosetta,2,0.372
1966,9ENI,alpha,2,0.253
1967,9ENI,rosetta,2,0.279
1968,9ENI,alpha,4,0.237
1969,9ENI,rosetta,4,0.648
1970,9ENI,alpha,11,0.524
1971,9ENI,rosetta,11,0.674
1972,9ENI,alpha,1,0.134
1973,9ENI,rosetta,1,0.249
1974,9ENI,alpha,6,1.18
1975,9ENI,rosetta,6,1.111
1976,9ENI,alpha,2,3.28
1977,9ENI,rosetta,2,3.272
1978,8TTT,alpha,1,0.429
1979,8TTT,rosetta,1,0.432
1980,8TTT,alpha,5,0.272
1981,8TTT,rosetta,5,0.364
1982,8TTT,alpha,4,0.316
1983,8TTT,rosetta,4,0.435
1984,8TTT,alpha,6,0.419
1985,8TTT,rosetta,6,0.511
1986,8TTT,alpha,2,0.206
1987,8TTT,rosetta,2,0.468
1988,8TTT,alpha,4,0.268
1989,8TTT,rosetta,4,0.495
1990,8TTT,alpha,10,1.316
1991,8TTT,rosetta,10,1.596
1992,8TTT,alpha,4,0.391
1993,8TTT,rosetta,4,1.078
1994,8TTT,alpha,5,0.396
1995,8TTT,rosetta,5,0.543
1996,8TTT,alpha,3,0.259
1997,8TTT,rosetta,3,0.296
1998,8TTT,alpha,1,0.464
1999,8TTT,rosetta,1,0.642
2000,8TTT,alpha,3,0.343
2001,8TTT,rosetta,3,0.283
2002,8TTT,alpha,3,0.298
2003,8TTT,rosetta,3,0.273
2004,8TTT,alpha,4,0.348
2005,8TTT,rosetta,4,0.762
2006,8TTT,alpha,1,0.202
2007,8TTT,rosetta,1,0.307
2008,8TTT,alpha,6,0.529
2009,8TTT,rosetta,6,0.961
2010,8TTT,alpha,4,0.294
2011,8TTT,rosetta,4,0.509
2012,8TTT,alpha,5,0.353
2013,8TTT,rosetta,5,0.483
2014,8TTT,alpha,1,0.185
2015,8TTT,rosetta,1,0.227
2016,8TTT,alpha,4,1.029
2017,8TTT,rosetta,4,1.017
2018,8TTT,alpha,7,0.672
2019,8TTT,rosetta,7,0.679
2020,8TTT,alpha,4,0.265
2021,8TTT,rosetta,4,0.386
2022,8TTT,alpha,4,1.137
2023,8TTT,rosetta,4,1.007
2024,8UFY,alpha,16,0.413
2025,8UFY,rosetta,16,0.798
2026,8UFY,alpha,4,0.314
2027,8UFY,rosetta,4,0.404
2028,8UFY,alpha,6,0.268
2029,8UFY,rosetta,6,0.41
2030,8UFY,alpha,7,1.225
2031,8UFY,rosetta,7,1.334
2032,8UFY,alpha,2,0.206
2033,8UFY,rosetta,2,0.177
2034,8UFY,alpha,2,0.19
2035,8UFY,rosetta,2,0.188
2036,8UFY,alpha,3,0.188
2037,8UFY,rosetta,3,0.302
2038,8UFY,alpha,3,0.274
2039,8UFY,rosetta,3,0.825
2040,8UFY,alpha,4,0.267
2041,8UFY,rosetta,4,0.374
2042,8UFY,alpha,2,0.267
2043,8UFY,rosetta,2,0.348
2044,8UFY,alpha,6,0.379
2045,8UFY,rosetta,6,0.486
2046,8UFY,alpha,4,0.262
2047,8UFY,rosetta,4,0.793
2048,8UFY,alpha,2,0.321
2049,8UFY,rosetta,2,0.26
2050,8UFY,alpha,2,0.312
2051,8UFY,rosetta,2,0.278
2052,8UFY,alpha,5,0.535
2053,8UFY,rosetta,5,0.49
2054,8UFY,alpha,9,0.525
2055,8UFY,rosetta,9,0.812
2056,8UFY,alpha,8,0.535
2057,8UFY,rosetta,8,0.745
2058,8UFY,alpha,5,1.424
2059,8UFY,rosetta,5,1.682
2060,8UFY,alpha,3,0.937
2061,8UFY,rosetta,3,0.922
2062,8UFY,alpha,4,0.584
2063,8UFY,rosetta,4,0.557
2064,8UFY,alpha,2,0.278
2065,8UFY,rosetta,2,0.474
2066,8UFY,alpha,4,0.322
2067,8UFY,rosetta,4,0.308
2068,8UFY,alpha,2,0.234
2069,8UFY,rosetta,2,0.296
2070,8UFY,alpha,8,0.585
2071,8UFY,rosetta,8,0.848
2072,8UFY,alpha,5,0.241
2073,8UFY,rosetta,5,0.382
2074,8UFY,alpha,6,0.397
2075,8UFY,rosetta,6,0.694
2076,8UFY,alpha,4,0.235
2077,8UFY,rosetta,4,0.253
2078,8UFY,alpha,1,0.203
2079,8UFY,rosetta,1,0.157
2080,8UFY,alpha,3,0.304
2081,8UFY,rosetta,3,0.299
2082,8UFY,alpha,3,0.312
2083,8UFY,rosetta,3,0.385
2084,8UFY,alpha,7,0.773
2085,8UFY,rosetta,7,1.447
2086,8Q23,alpha,6,0.83
2087,8Q23,rosetta,6,1.008
2088,8Q23,alpha,6,0.431
2089,8Q23,rosetta,6,0.841
2090,8Q23,alpha,8,0.43
2091,8Q23,rosetta,8,0.776
2092,8Q23,alpha,3,0.233
2093,8Q23,rosetta,3,0.336
2094,8Q23,alpha,3,0.285
2095,8Q23,rosetta,3,0.55
2096,8Q23,alpha,6,0.444
2097,8Q23,rosetta,6,0.986
2098,8Q23,alpha,2,0.18
2099,8Q23,rosetta,2,0.892
2100,8Q23,alpha,5,0.225
2101,8Q23,rosetta,5,0.361
2102,8Q23,alpha,2,0.224
2103,8Q23,rosetta,2,0.271
2104,8Q23,alpha,5,0.288
2105,8Q23,rosetta,5,0.353
2106,8Q23,alpha,3,0.28
2107,8Q23,rosetta,3,0.504
2108,8Q23,alpha,6,0.204
2109,8Q23,rosetta,6,0.461
2110,8Q23,alpha,5,0.269
2111,8Q23,rosetta,5,0.552
2112,8Q23,alpha,2,0.175
2113,8Q23,rosetta,2,0.507
2114,8Q23,alpha,1,0.167
2115,8Q23,rosetta,1,0.203
2116,8Q23,alpha,4,0.501
2117,8Q23,rosetta,4,0.922
2118,8Q23,alpha,6,0.255
2119,8Q23,rosetta,6,0.444
2120,8Q23,alpha,8,0.288
2121,8Q23,rosetta,8,0.857
2122,8Q23,alpha,2,0.196
2123,8Q23,rosetta,2,0.295
2124,8Q23,alpha,11,0.386
2125,8Q23,rosetta,11,0.771
2126,8Q23,alpha,10,0.355
2127,8Q23,rosetta,10,0.688
2128,8Q23,alpha,2,0.118
2129,8Q23,rosetta,2,0.216
2130,8Q23,alpha,4,0.209
2131,8Q23,rosetta,4,0.346
2132,8Q23,alpha,3,0.235
2133,8Q23,rosetta,3,0.382
2134,8Q23,alpha,2,0.196
2135,8Q23,rosetta,2,0.376
2136,8Q23,alpha,3,0.252
2137,8Q23,rosetta,3,0.649
2138,8Q23,alpha,5,0.28
2139,8Q23,rosetta,5,0.291
2140,8Q23,alpha,2,0.23
2141,8Q23,rosetta,2,0.275
2142,8Q23,alpha,7,0.436
2143,8Q23,rosetta,7,0.743
2144,8Q23,alpha,1,0.154
2145,8Q23,rosetta,1,0.108
2146,8Q23,alpha,3,0.24
2147,8Q23,rosetta,3,0.56
2148,8Q23,alpha,5,0.301
2149,8Q23,rosetta,5,0.449
2150,8Q23,alpha,4,0.205
2151,8Q23,rosetta,4,0.258
2152,8Q23,alpha,5,0.239
2153,8Q23,rosetta,5,0.844
2154,8Q23,alpha,5,0.25
2155,8Q23,rosetta,5,0.522
2156,8Q23,alpha,2,0.146
2157,8Q23,rosetta,2,0.245
2158,8Q23,alpha,5,0.283
2159,8Q23,rosetta,5,0.534
2160,8Q23,alpha,5,0.382
2161,8Q23,rosetta,5,0.949
2162,8KDK,alpha,4,0.672
2163,8KDK,rosetta,4,0.833
2164,8KDK,alpha,9,1.108
2165,8KDK,rosetta,9,1.651
2166,8KDK,alpha,2,0.278
2167,8KDK,rosetta,2,0.725
2168,8KDK,alpha,5,0.43
2169,8KDK,rosetta,5,1.074
2170,8KDK,alpha,11,0.726
2171,8KDK,rosetta,11,1.063
2172,8KDK,alpha,16,1.095
2173,8KDK,rosetta,16,0.992
2174,8KDK,alpha,9,0.592
2175,8KDK,rosetta,9,0.896
2176,8KDK,alpha,3,0.393
2177,8KDK,rosetta,3,0.881
2178,8KDK,alpha,5,0.382
2179,8KDK,rosetta,5,1.112
2180,8KDK,alpha,4,0.354
2181,8KDK,rosetta,4,0.825
2182,8KDK,alpha,1,0.175
2183,8KDK,rosetta,1,0.123
2184,8KDK,alpha,10,0.515
2185,8KDK,rosetta,10,0.769
2186,8KDK,alpha,3,0.231
2187,8KDK,rosetta,3,0.229
2188,8KDK,alpha,2,0.177
2189,8KDK,rosetta,2,0.24
2190,8KDK,alpha,6,0.382
2191,8KDK,rosetta,6,0.836
2192,8KDK,alpha,2,0.351
2193,8KDK,rosetta,2,0.436
2194,8KDK,alpha,2,0.22
2195,8KDK,rosetta,2,0.359
2196,8KDK,alpha,3,0.295
2197,8KDK,rosetta,3,0.325
2198,8KDK,alpha,1,0.166
2199,8KDK,rosetta,1,0.223
2200,8KDK,alpha,7,0.397
2201,8KDK,rosetta,7,0.572
2202,8KDK,alpha,6,0.421
2203,8KDK,rosetta,6,0.705
2204,8KDK,alpha,7,0.541
2205,8KDK,rosetta,7,0.752
2206,8KDK,alpha,2,0.229
2207,8KDK,rosetta,2,0.304
2208,8KDK,alpha,1,0.11
2209,8KDK,rosetta,1,0.212
2210,8KDK,alpha,5,0.551
2211,8KDK,rosetta,5,0.934
2212,8KDK,alpha,2,0.204
2213,8KDK,rosetta,2,0.295
2214,8KDK,alpha,4,0.359
2215,8KDK,rosetta,4,0.569
2216,8KDK,alpha,6,0.348
2217,8KDK,rosetta,6,0.704
2218,8KDK,alpha,4,0.426
2219,8KDK,rosetta,4,0.822
2220,8KDK,alpha,1,0.193
2221,8KDK,rosetta,1,0.152
2222,8KDK,alpha,1,0.106
2223,8KDK,rosetta,1,0.139
2224,8KDK,alpha,8,0.457
2225,8KDK,rosetta,8,1.108
2226,8KDK,alpha,4,0.348
2227,8KDK,rosetta,4,0.783
2228,8KDK,alpha,3,0.295
2229,8KDK,rosetta,3,1.1
2230,8KDK,alpha,4,0.935
2231,8KDK,rosetta,4,1.102
2232,9FEK,alpha,1,0.267
2233,9FEK,rosetta,1,0.431
2234,9FEK,alpha,13,1.3
2235,9FEK,rosetta,13,1.56
2236,9FEK,alpha,4,0.26
2237,9FEK,rosetta,4,0.424
2238,9FEK,alpha,1,0.106
2239,9FEK,rosetta,1,0.481
2240,9FEK,alpha,8,0.324
2241,9FEK,rosetta,8,0.648
2242,9FEK,alpha,1,0.19
2243,9FEK,rosetta,1,0.181
2244,9FEK,alpha,13,0.574
2245,9FEK,rosetta,13,1.658
2246,9FEK,alpha,3,0.249
2247,9FEK,rosetta,3,0.303
2248,9FEK,alpha,2,0.215
2249,9FEK,rosetta,2,0.323
2250,9FEK,alpha,11,0.381
2251,9FEK,rosetta,11,0.719
2252,9FEK,alpha,5,0.425
2253,9FEK,rosetta,5,0.428
2254,9FEK,alpha,4,0.302
2255,9FEK,rosetta,4,0.582
2256,9FEK,alpha,2,0.246
2257,9FEK,rosetta,2,0.389
2258,9FEK,alpha,5,0.359
2259,9FEK,rosetta,5,0.532
2260,9FEK,alpha,3,0.187
2261,9FEK,rosetta,3,0.446
2262,9FEK,alpha,4,0.405
2263,9FEK,rosetta,4,0.837
2264,9FEK,alpha,7,0.337
2265,9FEK,rosetta,7,0.517
2266,9FEK,alpha,9,0.467
2267,9FEK,rosetta,9,0.628
2268,9FEK,alpha,2,0.248
2269,9FEK,rosetta,2,0.256
2270,9FEK,alpha,5,0.343
2271,9FEK,rosetta,5,0.576
2272,9FEK,alpha,7,0.304
2273,9FEK,rosetta,7,0.501
2274,9FEK,alpha,8,0.452
2275,9FEK,rosetta,8,1.341
2276,9FEK,alpha,2,0.199
2277,9FEK,rosetta,2,0.314
2278,9FEK,alpha,1,0.119
2279,9FEK,rosetta,1,0.144
2280,9FEK,alpha,1,0.161
2281,9FEK,rosetta,1,0.214
2282,9FEK,alpha,5,0.589
2283,9FEK,rosetta,5,0.612
2284,9FEK,alpha,1,0.139
2285,9FEK,rosetta,1,0.138
2286,9FEK,alpha,3,0.279
2287,9FEK,rosetta,3,0.903
2288,9FEK,alpha,7,0.378
2289,9FEK,rosetta,7,0.663
2290,9FEK,alpha,1,0.179
2291,9FEK,rosetta,1,0.15
2292,9FEK,alpha,4,0.268
2293,9FEK,rosetta,4,0.318
2294,9FEK,alpha,1,0.196
2295,9FEK,rosetta,1,0.221
2296,9FEK,alpha,1,0.174
2297,9FEK,rosetta,1,0.274
2298,9FEK,alpha,4,0.281
2299,9FEK,rosetta,4,1.043
2300,9FEK,alpha,5,0.519
2301,9FEK,rosetta,5,0.836
2302,8KCJ,alpha,1,0.122
2303,8KCJ,rosetta,1,0.268
2304,8KCJ,alpha,3,0.404
2305,8KCJ,rosetta,3,0.364
2306,8KCJ,alpha,3,0.245
2307,8KCJ,rosetta,3,0.856
2308,8KCJ,alpha,2,0.45
2309,8KCJ,rosetta,2,0.394
2310,8KCJ,alpha,2,0.214
2311,8KCJ,rosetta,2,0.405
2312,8KCJ,alpha,2,0.253
2313,8KCJ,rosetta,2,0.286
2314,8KCJ,alpha,4,0.356
2315,8KCJ,rosetta,4,0.919
2316,8KCJ,alpha,1,0.096
2317,8KCJ,rosetta,1,0.252
2318,8KCJ,alpha,5,0.304
2319,8KCJ,rosetta,5,0.351
2320,8KCJ,alpha,4,0.6
2321,8KCJ,rosetta,4,0.578
2322,8KCJ,alpha,2,0.235
2323,8KCJ,rosetta,2,0.915
2324,8KCJ,alpha,3,0.339
2325,8KCJ,rosetta,3,0.284
2326,8KCJ,alpha,8,1.219
2327,8KCJ,rosetta,8,1.177
2328,8QXZ,alpha,4,0.702
2329,8QXZ,rosetta,4,1.252
2330,8QXZ,alpha,4,0.345
2331,8QXZ,rosetta,4,0.851
2332,8QXZ,alpha,4,0.236
2333,8QXZ,rosetta,4,0.812
2334,8QXZ,alpha,3,0.347
2335,8QXZ,rosetta,3,0.608
2336,8QXZ,alpha,6,0.285
2337,8QXZ,rosetta,6,0.669
2338,8QXZ,alpha,3,0.235
2339,8QXZ,rosetta,3,0.321
2340,8QXZ,alpha,7,0.329
2341,8QXZ,rosetta,7,0.554
2342,8QXZ,alpha,2,0.209
2343,8QXZ,rosetta,2,0.314
2344,8QXZ,alpha,2,0.227
2345,8QXZ,rosetta,2,0.305
2346,8QXZ,alpha,2,0.221
2347,8QXZ,rosetta,2,0.391
2348,8QXZ,alpha,4,0.316
2349,8QXZ,rosetta,4,0.894
2350,8QXZ,alpha,7,0.393
2351,8QXZ,rosetta,7,0.536
2352,8QXZ,alpha,1,0.232
2353,8QXZ,rosetta,1,0.646
2354,8TLG,alpha,1,0.652
2355,8TLG,rosetta,1,0.323
2356,8TLG,alpha,2,0.278
2357,8TLG,rosetta,2,0.737
2358,8TLG,alpha,2,0.217
2359,8TLG,rosetta,2,0.344
2360,8TLG,alpha,1,0.205
2361,8TLG,rosetta,1,0.507
2362,8TLG,alpha,3,0.403
2363,8TLG,rosetta,3,0.815
2364,8TLG,alpha,2,0.29
2365,8TLG,rosetta,2,0.316
2366,8TLG,alpha,5,0.361
2367,8TLG,rosetta,5,1.014
2368,8TLG,alpha,6,0.346
2369,8TLG,rosetta,6,0.551
2370,8TLG,alpha,2,0.231
2371,8TLG,rosetta,2,0.748
2372,8TLG,alpha,17,0.44
2373,8TLG,rosetta,17,1.649
2374,8TLG,alpha,3,0.31
2375,8TLG,rosetta,3,0.447
2376,8TLG,alpha,7,0.365
2377,8TLG,rosetta,7,0.749
2378,8TLG,alpha,11,0.63
2379,8TLG,rosetta,11,1.035
2380,9BTS,alpha,1,0.327
2381,9BTS,rosetta,1,0.614
2382,9BTS,alpha,1,0.12
2383,9BTS,rosetta,1,0.178
2384,9BTS,alpha,3,0.385
2385,9BTS,rosetta,3,0.532
2386,9BTS,alpha,1,0.75
2387,9BTS,rosetta,1,0.492
2388,9EM4,alpha,1,0.195
2389,9EM4,rosetta,1,0.336
2390,9EM4,alpha,2,0.271
2391,9EM4,rosetta,2,0.444
2392,9EM4,alpha,2,0.305
2393,9EM4,rosetta,2,0.445
2394,9EM4,alpha,3,0.206
2395,9EM4,rosetta,3,0.756
2396,9EM4,alpha,8,0.247
2397,9EM4,rosetta,8,0.525
2398,9EM4,alpha,3,0.172
2399,9EM4,rosetta,3,0.332
2400,9EM4,alpha,5,0.258
2401,9EM4,rosetta,5,0.402
2402,9EM4,alpha,12,0.285
2403,9EM4,rosetta,12,0.624
2404,9EM4,alpha,3,0.241
2405,9EM4,rosetta,3,0.346
2406,9EM4,alpha,3,0.226
2407,9EM4,rosetta,3,0.34
2408,9EM4,alpha,7,0.235
2409,9EM4,rosetta,7,0.667
2410,9EM4,alpha,1,0.129
2411,9EM4,rosetta,1,0.205
2412,9EM4,alpha,3,0.231
2413,9EM4,rosetta,3,0.297
2414,9EM4,alpha,4,0.347
2415,9EM4,rosetta,4,0.619
2416,9EM4,alpha,5,0.221
2417,9EM4,rosetta,5,0.302
2418,9EM4,alpha,5,0.304
2419,9EM4,rosetta,5,0.409
2420,9EM4,alpha,2,0.279
2421,9EM4,rosetta,2,0.347
2422,9EM4,alpha,3,0.204
2423,9EM4,rosetta,3,0.256
2424,9EM4,alpha,4,0.234
2425,9EM4,rosetta,4,0.658
2426,9EM4,alpha,14,0.358
2427,9EM4,rosetta,14,0.727
2428,9EM4,alpha,1,0.107
2429,9EM4,rosetta,1,0.077
2430,9EM4,alpha,1,0.116
2431,9EM4,rosetta,1,0.209
2432,9EM4,alpha,13,0.331
2433,9EM4,rosetta,13,0.557
2434,9EM4,alpha,5,0.252
2435,9EM4,rosetta,5,0.494
2436,9EM4,alpha,16,1.86
2437,9EM4,rosetta,16,1.467
2438,9EM4,alpha,4,0.327
2439,9EM4,rosetta,4,0.658
2440,9EM4,alpha,4,0.286
2441,9EM4,rosetta,4,0.418
2442,9EM4,alpha,5,0.295
2443,9EM4,rosetta,5,0.457
2444,9EM4,alpha,1,0.266
2445,9EM4,rosetta,1,0.401
2446,9EM4,alpha,3,0.225
2447,9EM4,rosetta,3,0.335
2448,9EM4,alpha,4,0.295
2449,9EM4,rosetta,4,0.5
2450,9EM4,alpha,1,0.146
2451,9EM4,rosetta,1,0.183
2452,9EM4,alpha,13,0.276
2453,9EM4,rosetta,13,0.898
2454,9EM4,alpha,1,0.149
2455,9EM4,rosetta,1,0.554
2456,8TLE,alpha,1,0.761
2457,8TLE,rosetta,1,0.717
2458,8TLE,alpha,4,0.404
2459,8TLE,rosetta,4,0.52
2460,8TLE,alpha,2,0.345
2461,8TLE,rosetta,2,0.467
2462,8TLE,alpha,1,0.126
2463,8TLE,rosetta,1,0.472
2464,8TLE,alpha,3,0.438
2465,8TLE,rosetta,3,0.773
2466,8TLE,alpha,2,0.331
2467,8TLE,rosetta,2,0.683
2468,8TLE,alpha,5,0.339
2469,8TLE,rosetta,5,0.862
2470,8TLE,alpha,6,0.371
2471,8TLE,rosetta,6,0.52
2472,8TLE,alpha,2,0.205
2473,8TLE,rosetta,2,0.731
2474,8TLE,alpha,17,0.497
2475,8TLE,rosetta,17,1.59
2476,8TLE,alpha,3,0.318
2477,8TLE,rosetta,3,0.496
2478,8TLE,alpha,6,0.338
2479,8TLE,rosetta,6,0.584
2480,8TLE,alpha,5,0.305
2481,8TLE,rosetta,5,1.013
2482,8TLE,alpha,1,0.242
2483,8TLE,rosetta,1,0.714
2484,8QY0,alpha,4,0.715
2485,8QY0,rosetta,4,1.097
2486,8QY0,alpha,4,0.336
2487,8QY0,rosetta,4,0.869
2488,8QY0,alpha,4,0.222
2489,8QY0,rosetta,4,0.77
2490,8QY0,alpha,3,0.335
2491,8QY0,rosetta,3,0.851
2492,8QY0,alpha,6,0.254
2493,8QY0,rosetta,6,0.551
2494,8QY0,alpha,3,0.226
2495,8QY0,rosetta,3,0.331
2496,8QY0,alpha,7,0.32
2497,8QY0,rosetta,7,0.522
2498,8QY0,alpha,2,0.191
2499,8QY0,rosetta,2,0.274
2500,8QY0,alpha,2,0.248
2501,8QY0,rosetta,2,0.527
2502,8QY0,alpha,2,0.252
2503,8QY0,rosetta,2,0.356
2504,8QY0,alpha,4,0.318
2505,8QY0,rosetta,4,0.885
2506,8QY0,alpha,3,0.293
2507,8QY0,rosetta,3,0.375
2508,8QY0,alpha,1,0.127
2509,8QY0,rosetta,1,0.202
2510,8QY0,alpha,1,0.227
2511,8QY0,rosetta,1,0.553
2512,8GAD,alpha,1,0.7
2513,8GAD,rosetta,1,0.693
2514,8GAD,alpha,3,0.247
2515,8GAD,rosetta,3,0.272
2516,8GAD,alpha,2,0.241
2517,8GAD,rosetta,2,0.414
2518,8GAD,alpha,2,0.277
2519,8GAD,rosetta,2,0.523
2520,8GAD,alpha,2,0.169
2521,8GAD,rosetta,2,0.354
2522,8GAD,alpha,3,0.998
2523,8GAD,rosetta,3,1.015
2524,8TTV,alpha,2,0.755
2525,8TTV,rosetta,2,0.839
2526,8TTV,alpha,5,0.279
2527,8TTV,rosetta,5,0.421
2528,8TTV,alpha,5,0.286
2529,8TTV,rosetta,5,0.49
2530,8TTV,alpha,5,0.59
2531,8TTV,rosetta,5,0.493
2532,8TTV,alpha,2,0.226
2533,8TTV,rosetta,2,0.493
2534,8TTV,alpha,4,0.237
2535,8TTV,rosetta,4,0.533
2536,8TTV,alpha,10,1.231
2537,8TTV,rosetta,10,1.282
2538,8TTV,alpha,4,0.261
2539,8TTV,rosetta,4,0.824
2540,8TTV,alpha,5,0.288
2541,8TTV,rosetta,5,0.535
2542,8TTV,alpha,4,0.276
2543,8TTV,rosetta,4,0.385
2544,8TTV,alpha,1,0.256
2545,8TTV,rosetta,1,0.346
2546,8TTV,alpha,3,0.244
2547,8TTV,rosetta,3,0.273
2548,8TTV,alpha,3,1.249
2549,8TTV,rosetta,3,1.183
2550,8TTV,alpha,4,0.68
2551,8TTV,rosetta,4,0.495
2552,8TTV,alpha,6,0.458
2553,8TTV,rosetta,6,0.834
2554,8TTV,alpha,4,0.377
2555,8TTV,rosetta,4,0.509
2556,8TTV,alpha,5,0.359
2557,8TTV,rosetta,5,0.488
2558,8TTV,alpha,1,0.103
2559,8TTV,rosetta,1,0.151
2560,8TTV,alpha,4,0.257
2561,8TTV,rosetta,4,0.847
2562,8TTV,alpha,5,0.62
2563,8TTV,rosetta,5,0.599
2564,8TTV,alpha,4,0.248
2565,8TTV,rosetta,4,0.431
2566,8TTV,alpha,4,1.109
2567,8TTV,rosetta,4,1.101
2568,8TK6,alpha,1,0.737
2569,8TK6,rosetta,1,0.667
2570,8TK6,alpha,7,0.609
2571,8TK6,rosetta,7,0.705
2572,8TK6,alpha,3,0.355
2573,8TK6,rosetta,3,0.391
2574,8TK6,alpha,2,0.209
2575,8TK6,rosetta,2,0.244
2576,8TK6,alpha,1,0.116
2577,8TK6,rosetta,1,0.165
2578,8TK6,alpha,2,0.32
2579,8TK6,rosetta,2,0.221
2580,8TK6,alpha,3,0.21
2581,8TK6,rosetta,3,0.295
2582,8TK6,alpha,2,0.235
2583,8TK6,rosetta,2,0.178
2584,8TK6,alpha,6,0.547
2585,8TK6,rosetta,6,0.551
2586,8TK6,alpha,3,0.316
2587,8TK6,rosetta,3,0.528
2588,8TK6,alpha,5,0.799
2589,8TK6,rosetta,5,0.797
2590,8TK6,alpha,10,0.352
2591,8TK6,rosetta,10,0.544
2592,8TK6,alpha,5,0.566
2593,8TK6,rosetta,5,0.726
2594,8TK6,alpha,6,0.274
2595,8TK6,rosetta,6,0.434
2596,8TK6,alpha,1,0.104
2597,8TK6,rosetta,1,0.145
2598,8TK6,alpha,1,0.128
2599,8TK6,rosetta,1,0.173
2600,8TK6,alpha,6,0.327
2601,8TK6,rosetta,6,0.421
2602,8TK6,alpha,5,1.0
2603,8TK6,rosetta,5,1.001
2604,8TK6,alpha,1,0.723
2605,8TK6,rosetta,1,0.791
2606,8S1J,alpha,8,0.562
2607,8S1J,rosetta,8,1.312
2608,8S1J,alpha,6,0.243
2609,8S1J,rosetta,6,0.418
2610,8S1J,alpha,5,0.37
2611,8S1J,rosetta,5,0.738
2612,8S1J,alpha,3,0.287
2613,8S1J,rosetta,3,0.377
2614,8S1J,alpha,1,0.149
2615,8S1J,rosetta,1,0.155
2616,8S1J,alpha,1,0.151
2617,8S1J,rosetta,1,0.108
2618,8S1J,alpha,4,0.287
2619,8S1J,rosetta,4,0.384
2620,8S1J,alpha,6,0.268
2621,8S1J,rosetta,6,0.87
2622,8S1J,alpha,7,0.336
2623,8S1J,rosetta,7,0.515
2624,8S1J,alpha,16,0.63
2625,8S1J,rosetta,16,0.839
2626,8S1J,alpha,3,0.305
2627,8S1J,rosetta,3,0.248
2628,8S1J,alpha,1,0.174
2629,8S1J,rosetta,1,0.246
2630,8S1J,alpha,2,0.235
2631,8S1J,rosetta,2,0.514
2632,8S1J,alpha,2,0.186
2633,8S1J,rosetta,2,0.229
2634,8S1J,alpha,7,0.429
2635,8S1J,rosetta,7,0.653
2636,8S1J,alpha,1,0.075
2637,8S1J,rosetta,1,0.182
2638,8S1J,alpha,3,0.308
2639,8S1J,rosetta,3,0.91
2640,8S1J,alpha,5,0.478
2641,8S1J,rosetta,5,1.088
2642,8S1J,alpha,1,0.111
2643,8S1J,rosetta,1,0.339
2644,8S1J,alpha,10,1.573
2645,8S1J,rosetta,10,1.68
2646,9IYF,alpha,17,2.391
2647,9IYF,rosetta,17,1.55
2648,9IYF,alpha,6,0.298
2649,9IYF,rosetta,6,0.548
2650,9IYF,alpha,2,0.274
2651,9IYF,rosetta,2,0.37
2652,9IYF,alpha,5,1.119
2653,9IYF,rosetta,5,1.125
2654,9IYF,alpha,3,0.303
2655,9IYF,rosetta,3,0.344
2656,9IYF,alpha,6,0.395
2657,9IYF,rosetta,6,0.676
2658,9IYF,alpha,3,0.595
2659,9IYF,rosetta,3,0.373
2660,9IYF,alpha,4,0.307
2661,9IYF,rosetta,4,0.344
2662,9IYF,alpha,3,0.421
2663,9IYF,rosetta,3,0.515
2664,9IYF,alpha,3,0.192
2665,9IYF,rosetta,3,0.297
2666,9IYF,alpha,4,0.277
2667,9IYF,rosetta,4,0.337
2668,9IYF,alpha,10,0.418
2669,9IYF,rosetta,10,0.57
2670,9IYF,alpha,2,0.762
2671,9IYF,rosetta,2,0.83
2672,8U77,alpha,1,0.605
2673,8U77,rosetta,1,0.446
2674,8U77,alpha,2,0.306
2675,8U77,rosetta,2,0.797
2676,8U77,alpha,4,0.381
2677,8U77,rosetta,4,0.344
2678,8U77,alpha,7,0.816
2679,8U77,rosetta,7,0.84
2680,8U77,alpha,4,0.415
2681,8U77,rosetta,4,0.546
2682,8U77,alpha,1,0.151
2683,8U77,rosetta,1,0.167
2684,8U77,alpha,2,0.214
2685,8U77,rosetta,2,0.251
2686,8U77,alpha,1,0.678
2687,8U77,rosetta,1,0.583
2688,9ENJ,alpha,3,1.035
2689,9ENJ,rosetta,3,0.863
2690,9ENJ,alpha,2,0.256
2691,9ENJ,rosetta,2,0.238
2692,9ENJ,alpha,4,0.278
2693,9ENJ,rosetta,4,0.318
2694,9ENJ,alpha,6,0.317
2695,9ENJ,rosetta,6,0.445
2696,9ENJ,alpha,4,0.39
2697,9ENJ,rosetta,4,0.698
2698,9ENJ,alpha,7,0.504
2699,9ENJ,rosetta,7,1.14
2700,9ENJ,alpha,5,0.306
2701,9ENJ,rosetta,5,0.76
2702,9ENJ,alpha,4,0.339
2703,9ENJ,rosetta,4,0.555
2704,9ENJ,alpha,4,0.277
2705,9ENJ,rosetta,4,0.796
2706,9ENJ,alpha,3,0.208
2707,9ENJ,rosetta,3,0.349
2708,9ENJ,alpha,8,0.336
2709,9ENJ,rosetta,8,1.085
2710,9ENJ,alpha,2,0.153
2711,9ENJ,rosetta,2,0.219
2712,9ENJ,alpha,8,0.698
2713,9ENJ,rosetta,8,0.702
2714,9ENJ,alpha,3,0.279
2715,9ENJ,rosetta,3,0.284
2716,9ENJ,alpha,1,0.115
2717,9ENJ,rosetta,1,0.222
2718,9ENJ,alpha,3,0.249
2719,9ENJ,rosetta,3,0.735
2720,9ENJ,alpha,4,0.295
2721,9ENJ,rosetta,4,0.323
2722,9ENJ,alpha,5,0.326
2723,9ENJ,rosetta,5,0.737
2724,9ENJ,alpha,5,0.434
2725,9ENJ,rosetta,5,0.753
2726,9ENJ,alpha,4,0.523
2727,9ENJ,rosetta,4,0.838
2728,9ENJ,alpha,1,0.085
2729,9ENJ,rosetta,1,0.281
2730,9ENJ,alpha,6,1.097
2731,9ENJ,rosetta,6,1.086
2732,9ENJ,alpha,5,0.24
2733,9ENJ,rosetta,5,0.718
2734,9ENJ,alpha,4,0.564
2735,9ENJ,rosetta,4,0.533
2736,9ENJ,alpha,4,0.264
2737,9ENJ,rosetta,4,0.578
2738,9ENJ,alpha,7,0.38
2739,9ENJ,rosetta,7,1.213
2740,9ENJ,alpha,2,0.132
2741,9ENJ,rosetta,2,0.26
2742,9ENJ,alpha,1,0.115
2743,9ENJ,rosetta,1,0.45
2744,9ENJ,alpha,3,0.39
2745,9ENJ,rosetta,3,0.454
2746,9ENJ,alpha,3,0.231
2747,9ENJ,rosetta,3,0.266
2748,9ENJ,alpha,7,0.611
2749,9ENJ,rosetta,7,0.755
2750,9ENJ,alpha,2,0.203
2751,9ENJ,rosetta,2,0.267
2752,9ENJ,alpha,1,0.177
2753,9ENJ,rosetta,1,0.257
2754,9ENJ,alpha,3,0.254
2755,9ENJ,rosetta,3,0.39
2756,9ENJ,alpha,1,0.147
2757,9ENJ,rosetta,1,0.314
2758,9ENJ,alpha,5,0.321
2759,9ENJ,rosetta,5,0.299
2760,9ENJ,alpha,6,0.397
2761,9ENJ,rosetta,6,0.651
2762,9ENJ,alpha,5,0.246
2763,9ENJ,rosetta,5,0.404
2764,9ENJ,alpha,13,0.681
2765,9ENJ,rosetta,13,0.986
2766,9ENJ,alpha,7,0.38
2767,9ENJ,rosetta,7,1.214
2768,9ENJ,alpha,3,0.273
2769,9ENJ,rosetta,3,0.221
2770,9ENJ,alpha,2,0.214
2771,9ENJ,rosetta,2,0.203
2772,9ENJ,alpha,10,0.551
2773,9ENJ,rosetta,10,0.757
2774,9ENJ,alpha,1,0.127
2775,9ENJ,rosetta,1,0.21
2776,9ENJ,alpha,2,0.17
2777,9ENJ,rosetta,2,0.212
2778,9ENJ,alpha,1,0.127
2779,9ENJ,rosetta,1,0.223
2780,9ENJ,alpha,2,0.24
2781,9ENJ,rosetta,2,0.36
2782,9ENJ,alpha,4,0.319
2783,9ENJ,rosetta,4,0.665
2784,9ENJ,alpha,11,0.573
2785,9ENJ,rosetta,11,0.714
2786,9ENJ,alpha,1,0.105
2787,9ENJ,rosetta,1,0.306
2788,9ENJ,alpha,13,2.227
2789,9ENJ,rosetta,13,2.493
2790,9GEA,alpha,1,0.569
2791,9GEA,rosetta,1,0.661
2792,9GEA,alpha,7,0.306
2793,9GEA,rosetta,7,0.499
2794,9GEA,alpha,2,0.257
2795,9GEA,rosetta,2,0.35
2796,9GEA,alpha,6,0.288
2797,9GEA,rosetta,6,0.574
2798,9GEA,alpha,2,0.274
2799,9GEA,rosetta,2,0.281
2800,9GEA,alpha,4,0.257
2801,9GEA,rosetta,4,0.42
2802,9GEA,alpha,2,0.271
2803,9GEA,rosetta,2,0.304
2804,9GEA,alpha,1,0.181
2805,9GEA,rosetta,1,0.206
2806,9GEA,alpha,5,1.178
2807,9GEA,rosetta,5,1.413
2808,9GEA,alpha,7,0.378
2809,9GEA,rosetta,7,0.795
2810,9GEA,alpha,5,0.327
2811,9GEA,rosetta,5,0.454
2812,9GEA,alpha,6,0.343
2813,9GEA,rosetta,6,0.323
2814,9GEA,alpha,2,0.372
2815,9GEA,rosetta,2,0.243
2816,9GEA,alpha,4,0.474
2817,9GEA,rosetta,4,0.572
2818,9GEA,alpha,2,0.188
2819,9GEA,rosetta,2,0.26
2820,9GEA,alpha,1,0.221
2821,9GEA,rosetta,1,0.145
2822,9GEA,alpha,2,0.736
2823,9GEA,rosetta,2,0.621
2824,9CYR,alpha,1,0.71
2825,9CYR,rosetta,1,0.729
2826,9CYR,alpha,2,0.296
2827,9CYR,rosetta,2,0.282
2828,9CYR,alpha,11,0.376
2829,9CYR,rosetta,11,0.623
2830,9CYR,alpha,9,0.305
2831,9CYR,rosetta,9,0.618
2832,9CYR,alpha,7,0.51
2833,9CYR,rosetta,7,1.075
2834,9CYR,alpha,4,0.325
2835,9CYR,rosetta,4,0.359
2836,9CYR,alpha,3,0.371
2837,9CYR,rosetta,3,0.266
2838,9CYR,alpha,1,0.185
2839,9CYR,rosetta,1,0.238
2840,9CYR,alpha,1,0.105
2841,9CYR,rosetta,1,0.367
2842,9CYR,alpha,4,0.347
2843,9CYR,rosetta,4,0.327
2844,9CYR,alpha,2,0.229
2845,9CYR,rosetta,2,0.298
2846,9CYR,alpha,13,1.047
2847,9CYR,rosetta,13,0.703
2848,9CYR,alpha,4,0.361
2849,9CYR,rosetta,4,0.335
2850,9CYR,alpha,3,0.266
2851,9CYR,rosetta,3,0.408
2852,9CYR,alpha,4,0.247
2853,9CYR,rosetta,4,0.273
2854,9CYR,alpha,12,1.083
2855,9CYR,rosetta,12,1.036
2856,9CYR,alpha,8,0.386
2857,9CYR,rosetta,8,0.382
2858,9CYR,alpha,6,0.335
2859,9CYR,rosetta,6,0.632
2860,9CYR,alpha,3,0.261
2861,9CYR,rosetta,3,0.938
2862,9CYR,alpha,2,0.315
2863,9CYR,rosetta,2,0.436
2864,9CYR,alpha,10,0.313
2865,9CYR,rosetta,10,0.682
2866,9CYR,alpha,4,0.828
2867,9CYR,rosetta,4,0.771
2868,8VJU,alpha,16,0.493
2869,8VJU,rosetta,16,0.932
2870,8VJU,alpha,7,0.376
2871,8VJU,rosetta,7,0.447
2872,8VJU,alpha,1,0.101
2873,8VJU,rosetta,1,0.228
2874,8VJU,alpha,4,0.275
2875,8VJU,rosetta,4,0.311
2876,8VJU,alpha,2,0.298
2877,8VJU,rosetta,2,0.339
2878,8VJU,alpha,2,0.278
2879,8VJU,rosetta,2,0.251
2880,8VJU,alpha,2,0.182
2881,8VJU,rosetta,2,0.319
2882,8VJU,alpha,6,0.281
2883,8VJU,rosetta,6,0.312
2884,8VJU,alpha,4,0.405
2885,8VJU,rosetta,4,0.617
2886,8VJU,alpha,2,0.247
2887,8VJU,rosetta,2,0.247
2888,8VJU,alpha,4,0.386
2889,8VJU,rosetta,4,0.706
2890,8VJU,alpha,3,0.35
2891,8VJU,rosetta,3,0.415
2892,8VJU,alpha,5,0.397
2893,8VJU,rosetta,5,0.835
2894,8VJU,alpha,2,0.34
2895,8VJU,rosetta,2,0.36
2896,8VJU,alpha,3,0.223
2897,8VJU,rosetta,3,0.301
2898,8VJU,alpha,4,0.264
2899,8VJU,rosetta,4,0.403
2900,8VJU,alpha,4,0.256
2901,8VJU,rosetta,4,0.327
2902,8VJU,alpha,7,0.286
2903,8VJU,rosetta,7,0.719
2904,8VJU,alpha,9,0.348
2905,8VJU,rosetta,9,0.609
2906,8VJU,alpha,3,0.28
2907,8VJU,rosetta,3,0.42
2908,8VJU,alpha,1,0.103
2909,8VJU,rosetta,1,0.163
2910,8VJU,alpha,1,0.191
2911,8VJU,rosetta,1,0.316
2912,8VJU,alpha,10,0.557
2913,8VJU,rosetta,10,0.702
2914,8VJU,alpha,5,0.254
2915,8VJU,rosetta,5,0.484
2916,8VJU,alpha,11,0.393
2917,8VJU,rosetta,11,0.646
2918,8VJU,alpha,2,0.201
2919,8VJU,rosetta,2,0.379
2920,8VJU,alpha,5,0.303
2921,8VJU,rosetta,5,0.291
2922,8VJU,alpha,2,0.241
2923,8VJU,rosetta,2,0.627
2924,8VJU,alpha,6,0.673
2925,8VJU,rosetta,6,0.763
2926,8VJU,alpha,2,0.187
2927,8VJU,rosetta,2,0.371
2928,8VJU,alpha,2,0.324
2929,8VJU,rosetta,2,0.321
2930,8VJU,alpha,2,0.177
2931,8VJU,rosetta,2,0.288
2932,8VJU,alpha,10,0.294
2933,8VJU,rosetta,10,0.86
2934,8VJU,alpha,2,0.162
2935,8VJU,rosetta,2,0.476
2936,8VJU,alpha,7,0.403
2937,8VJU,rosetta,7,0.661
2938,8VJU,alpha,2,0.223
2939,8VJU,rosetta,2,0.924
2940,8VJU,alpha,7,0.625
2941,8VJU,rosetta,7,0.604
2942,8VJU,alpha,2,0.247
2943,8VJU,rosetta,2,0.355
2944,8VJU,alpha,4,0.24
2945,8VJU,rosetta,4,0.691
2946,8VJU,alpha,1,0.13
2947,8VJU,rosetta,1,0.227
2948,8VJU,alpha,8,0.409
2949,8VJU,rosetta,8,0.672
2950,8VJU,alpha,6,0.368
2951,8VJU,rosetta,6,0.486
2952,8VJU,alpha,7,0.276
2953,8VJU,rosetta,7,0.404
2954,8VJU,alpha,6,0.37
2955,8VJU,rosetta,6,0.479
2956,8VJU,alpha,5,0.652
2957,8VJU,rosetta,5,0.85
2958,8VLL,alpha,3,0.626
2959,8VLL,rosetta,3,0.636
2960,8VLL,alpha,5,0.249
2961,8VLL,rosetta,5,0.426
2962,8VLL,alpha,5,0.347
2963,8VLL,rosetta,5,0.397
2964,8VLL,alpha,2,0.171
2965,8VLL,rosetta,2,0.321
2966,8VLL,alpha,6,0.314
2967,8VLL,rosetta,6,0.548
2968,8VLL,alpha,5,0.413
2969,8VLL,rosetta,5,0.609
2970,8VLL,alpha,2,0.279
2971,8VLL,rosetta,2,0.344
2972,8VLL,alpha,3,0.448
2973,8VLL,rosetta,3,0.493
2974,8VLL,alpha,3,0.307
2975,8VLL,rosetta,3,0.378
2976,8VLL,alpha,7,0.476
2977,8VLL,rosetta,7,0.504
2978,8VLL,alpha,3,0.209
2979,8VLL,rosetta,3,0.374
2980,8VLL,alpha,3,0.29
2981,8VLL,rosetta,3,0.619
2982,8VLL,alpha,1,0.143
2983,8VLL,rosetta,1,0.165
2984,8VLL,alpha,3,0.521
2985,8VLL,rosetta,3,0.575
2986,8TTD,alpha,3,0.491
2987,8TTD,rosetta,3,1.234
2988,8TTD,alpha,4,0.213
2989,8TTD,rosetta,4,0.527
2990,8TTD,alpha,8,0.429
2991,8TTD,rosetta,8,0.61
2992,8TTD,alpha,7,0.374
2993,8TTD,rosetta,7,0.786
2994,8TTD,alpha,4,0.272
2995,8TTD,rosetta,4,0.569
2996,8TTD,alpha,1,0.19
2997,8TTD,rosetta,1,0.335
2998,8TTD,alpha,2,0.186
2999,8TTD,rosetta,2,0.366
3000,8TTD,alpha,10,0.36
3001,8TTD,rosetta,10,0.658
3002,8TTD,alpha,2,0.09
3003,8TTD,rosetta,2,0.215
3004,8TTD,alpha,10,0.338
3005,8TTD,rosetta,10,0.688
3006,8TTD,alpha,3,0.311
3007,8TTD,rosetta,3,0.378
3008,8TTD,alpha,6,0.366
3009,8TTD,rosetta,6,0.525
3010,8TTD,alpha,2,0.312
3011,8TTD,rosetta,2,0.34
3012,8TTD,alpha,14,0.757
3013,8TTD,rosetta,14,0.809
3014,8TTD,alpha,2,0.262
3015,8TTD,rosetta,2,0.211
3016,8TTD,alpha,2,0.303
3017,8TTD,rosetta,2,0.347
3018,8TTD,alpha,1,0.197
3019,8TTD,rosetta,1,0.49
3020,9CYP,alpha,1,0.666
3021,9CYP,rosetta,1,0.72
3022,9CYP,alpha,2,0.271
3023,9CYP,rosetta,2,0.256
3024,9CYP,alpha,6,0.41
3025,9CYP,rosetta,6,0.529
3026,9CYP,alpha,1,0.133
3027,9CYP,rosetta,1,0.101
3028,9CYP,alpha,9,0.339
3029,9CYP,rosetta,9,0.613
3030,9CYP,alpha,7,0.422
3031,9CYP,rosetta,7,1.135
3032,9CYP,alpha,4,0.384
3033,9CYP,rosetta,4,0.477
3034,9CYP,alpha,3,0.434
3035,9CYP,rosetta,3,0.34
3036,9CYP,alpha,1,0.183
3037,9CYP,rosetta,1,0.22
3038,9CYP,alpha,1,0.123
3039,9CYP,rosetta,1,0.368
3040,9CYP,alpha,4,0.354
3041,9CYP,rosetta,4,0.442
3042,9CYP,alpha,2,0.24
3043,9CYP,rosetta,2,0.326
3044,9CYP,alpha,13,1.035
3045,9CYP,rosetta,13,0.812
3046,9CYP,alpha,4,0.394
3047,9CYP,rosetta,4,0.383
3048,9CYP,alpha,3,0.41
3049,9CYP,rosetta,3,0.433
3050,9CYP,alpha,4,0.271
3051,9CYP,rosetta,4,0.261
3052,9CYP,alpha,12,0.903
3053,9CYP,rosetta,12,1.08
3054,9CYP,alpha,8,0.391
3055,9CYP,rosetta,8,0.707
3056,9CYP,alpha,5,0.31
3057,9CYP,rosetta,5,0.58
3058,9CYP,alpha,3,0.31
3059,9CYP,rosetta,3,0.937
3060,9CYP,alpha,2,0.228
3061,9CYP,rosetta,2,0.383
3062,9CYP,alpha,10,0.303
3063,9CYP,rosetta,10,0.826
3064,9CYP,alpha,6,1.048
3065,9CYP,rosetta,6,0.894
3066,8KEU,alpha,1,0.663
3067,8KEU,rosetta,1,0.715
3068,8KEU,alpha,3,0.249
3069,8KEU,rosetta,3,0.571
3070,8KEU,alpha,2,0.19
3071,8KEU,rosetta,2,0.161
3072,8KEU,alpha,5,0.712
3073,8KEU,rosetta,5,0.916
3074,8KEU,alpha,4,0.267
3075,8KEU,rosetta,4,0.267
3076,8KEU,alpha,4,0.308
3077,8KEU,rosetta,4,0.475
3078,8KEU,alpha,7,0.361
3079,8KEU,rosetta,7,0.707
3080,8KEU,alpha,2,0.159
3081,8KEU,rosetta,2,0.332
3082,8KEU,alpha,3,0.256
3083,8KEU,rosetta,3,0.402
3084,8KEU,alpha,8,0.332
3085,8KEU,rosetta,8,0.86
3086,8KEU,alpha,2,0.222
3087,8KEU,rosetta,2,0.266
3088,8KEU,alpha,2,0.182
3089,8KEU,rosetta,2,0.27
3090,8KEU,alpha,1,0.207
3091,8KEU,rosetta,1,0.197
3092,8KEU,alpha,1,0.141
3093,8KEU,rosetta,1,0.118
3094,8KEU,alpha,6,0.373
3095,8KEU,rosetta,6,0.535
3096,8KEU,alpha,6,0.452
3097,8KEU,rosetta,6,0.415
3098,8KEU,alpha,2,0.21
3099,8KEU,rosetta,2,0.361
3100,8KEU,alpha,1,0.184
3101,8KEU,rosetta,1,0.587
3102,8KCV,alpha,2,0.607
3103,8KCV,rosetta,2,0.618
3104,8KCV,alpha,3,0.552
3105,8KCV,rosetta,3,0.788
3106,8KCV,alpha,2,0.25
3107,8KCV,rosetta,2,0.852
3108,8KCV,alpha,2,0.394
3109,8KCV,rosetta,2,0.662
3110,8KCV,alpha,2,0.249
3111,8KCV,rosetta,2,0.19
3112,8KCV,alpha,6,0.409
3113,8KCV,rosetta,6,0.509
3114,8KCV,alpha,2,0.257
3115,8KCV,rosetta,2,0.66
3116,8KCV,alpha,4,0.288
3117,8KCV,rosetta,4,0.604
3118,8KCV,alpha,10,0.913
3119,8KCV,rosetta,10,0.998
3120,8KCV,alpha,5,0.347
3121,8KCV,rosetta,5,0.327
3122,8KCV,alpha,2,0.263
3123,8KCV,rosetta,2,0.349
3124,8KCV,alpha,6,1.165
3125,8KCV,rosetta,6,1.147
3126,8KCV,alpha,2,0.215
3127,8KCV,rosetta,2,0.219
3128,8KCV,alpha,2,0.308
3129,8KCV,rosetta,2,0.314
3130,8KCV,alpha,1,0.167
3131,8KCV,rosetta,1,0.14
3132,8KCV,alpha,3,0.366
3133,8KCV,rosetta,3,0.679
3134,8KCV,alpha,2,0.264
3135,8KCV,rosetta,2,0.263
3136,8KCV,alpha,4,0.909
3137,8KCV,rosetta,4,0.925
3138,8KCV,alpha,4,0.21
3139,8KCV,rosetta,4,0.46
3140,8KCV,alpha,2,0.263
3141,8KCV,rosetta,2,0.249
3142,8KCV,alpha,5,0.368
3143,8KCV,rosetta,5,0.384
3144,8KCV,alpha,5,0.31
3145,8KCV,rosetta,5,0.404
3146,8KCV,alpha,1,0.117
3147,8KCV,rosetta,1,0.196
3148,8KCV,alpha,7,0.431
3149,8KCV,rosetta,7,0.423
3150,8KCV,alpha,2,0.536
3151,8KCV,rosetta,2,0.931
3152,9FCX,alpha,1,0.685
3153,9FCX,rosetta,1,0.537
3154,9FCX,alpha,3,0.225
3155,9FCX,rosetta,3,0.77
3156,9FCX,alpha,7,0.374
3157,9FCX,rosetta,7,0.482
3158,9FCX,alpha,5,0.262
3159,9FCX,rosetta,5,0.4
3160,9FCX,alpha,4,0.288
3161,9FCX,rosetta,4,0.408
3162,9FCX,alpha,2,0.305
3163,9FCX,rosetta,2,0.292
3164,9FCX,alpha,6,0.458
3165,9FCX,rosetta,6,0.406
3166,9FCX,alpha,5,0.416
3167,9FCX,rosetta,5,0.598
3168,9FCX,alpha,3,0.796
3169,9FCX,rosetta,3,0.797
3170,9FCX,alpha,2,0.284
3171,9FCX,rosetta,2,0.236
3172,9FCX,alpha,2,0.239
3173,9FCX,rosetta,2,0.356
3174,9FCX,alpha,5,0.31
3175,9FCX,rosetta,5,0.417
3176,9FCX,alpha,4,0.72
3177,9FCX,rosetta,4,0.405
3178,9FCX,alpha,5,0.253
3179,9FCX,rosetta,5,0.513
3180,9FCX,alpha,4,0.296
3181,9FCX,rosetta,4,0.401
3182,9FCX,alpha,2,0.285
3183,9FCX,rosetta,2,0.578
3184,9FCX,alpha,3,1.047
3185,9FCX,rosetta,3,1.139
3186,8R36,alpha,2,0.373
3187,8R36,rosetta,2,0.578
3188,8R36,alpha,2,0.236
3189,8R36,rosetta,2,0.315
3190,8R36,alpha,3,0.183
3191,8R36,rosetta,3,0.359
3192,8R36,alpha,6,0.505
3193,8R36,rosetta,6,0.664
3194,8R36,alpha,1,0.152
3195,8R36,rosetta,1,0.136
3196,8R36,alpha,2,0.315
3197,8R36,rosetta,2,0.325
3198,8R36,alpha,8,0.267
3199,8R36,rosetta,8,0.663
3200,8R36,alpha,5,0.338
3201,8R36,rosetta,5,0.348
3202,8R36,alpha,1,0.164
3203,8R36,rosetta,1,0.161
3204,8R36,alpha,5,0.303
3205,8R36,rosetta,5,0.375
3206,8R36,alpha,4,0.236
3207,8R36,rosetta,4,0.298
3208,8R36,alpha,2,0.24
3209,8R36,rosetta,2,0.155
3210,8R36,alpha,3,0.351
3211,8R36,rosetta,3,0.451
3212,8R36,alpha,1,0.141
3213,8R36,rosetta,1,0.319
3214,8R36,alpha,7,0.467
3215,8R36,rosetta,7,0.602
3216,8R36,alpha,5,0.337
3217,8R36,rosetta,5,0.559
3218,8R36,alpha,1,0.16
3219,8R36,rosetta,1,0.129
3220,8R36,alpha,3,0.327
3221,8R36,rosetta,3,0.84
3222,8R36,alpha,3,0.325
3223,8R36,rosetta,3,0.379
3224,8R36,alpha,1,0.71
3225,8R36,rosetta,1,0.668
3226,8R36,alpha,3,0.624
3227,8R36,rosetta,3,0.528
3228,8R36,alpha,2,0.211
3229,8R36,rosetta,2,0.177
3230,8R36,alpha,2,0.206
3231,8R36,rosetta,2,0.249
3232,8R36,alpha,3,0.245
3233,8R36,rosetta,3,0.268
3234,8R36,alpha,6,0.307
3235,8R36,rosetta,6,0.467
3236,8R36,alpha,5,0.274
3237,8R36,rosetta,5,0.328
3238,8R36,alpha,2,0.233
3239,8R36,rosetta,2,0.136
3240,8R36,alpha,5,0.595
3241,8R36,rosetta,5,1.148
3242,8G4K,alpha,2,0.306
3243,8G4K,rosetta,2,0.573
3244,8G4K,alpha,2,0.301
3245,8G4K,rosetta,2,0.593
3246,8G4K,alpha,7,0.301
3247,8G4K,rosetta,7,0.525
3248,8G4K,alpha,5,0.268
3249,8G4K,rosetta,5,0.747
3250,8G4K,alpha,6,0.28
3251,8G4K,rosetta,6,0.639
3252,8G4K,alpha,2,0.626
3253,8G4K,rosetta,2,0.586
3254,8G4K,alpha,5,0.296
3255,8G4K,rosetta,5,0.43
3256,8G4K,alpha,2,0.199
3257,8G4K,rosetta,2,0.337
3258,8G4K,alpha,9,0.704
3259,8G4K,rosetta,9,0.562
3260,8G4K,alpha,1,0.137
3261,8G4K,rosetta,1,0.116
3262,8G4K,alpha,5,0.307
3263,8G4K,rosetta,5,0.73
3264,8G4K,alpha,4,0.354
3265,8G4K,rosetta,4,0.452
3266,8G4K,alpha,7,1.702
3267,8G4K,rosetta,7,1.571
3268,8QVK,alpha,3,0.675
3269,8QVK,rosetta,3,0.65
3270,8QVK,alpha,2,0.266
3271,8QVK,rosetta,2,0.237
3272,8QVK,alpha,3,0.226
3273,8QVK,rosetta,3,0.596
3274,8QVK,alpha,2,0.28
3275,8QVK,rosetta,2,0.184
3276,8QVK,alpha,2,0.133
3277,8QVK,rosetta,2,0.185
3278,8QVK,alpha,2,0.272
3279,8QVK,rosetta,2,0.266
3280,8QVK,alpha,2,0.323
3281,8QVK,rosetta,2,0.315
3282,8QVK,alpha,1,0.147
3283,8QVK,rosetta,1,0.142
3284,8QVK,alpha,5,0.302
3285,8QVK,rosetta,5,0.36
3286,8QVK,alpha,10,0.45
3287,8QVK,rosetta,10,0.575
3288,8QVK,alpha,1,0.175
3289,8QVK,rosetta,1,0.16
3290,8QVK,alpha,1,0.189
3291,8QVK,rosetta,1,0.271
3292,8QVK,alpha,3,0.256
3293,8QVK,rosetta,3,0.257
3294,8QVK,alpha,10,0.365
3295,8QVK,rosetta,10,0.568
3296,8QVK,alpha,4,0.235
3297,8QVK,rosetta,4,0.403
3298,8QVK,alpha,6,0.312
3299,8QVK,rosetta,6,0.535
3300,8QVK,alpha,3,0.354
3301,8QVK,rosetta,3,0.391
3302,8QVK,alpha,2,0.227
3303,8QVK,rosetta,2,0.26
3304,8QVK,alpha,2,0.276
3305,8QVK,rosetta,2,0.298
3306,8QVK,alpha,3,0.357
3307,8QVK,rosetta,3,0.813
3308,8QVK,alpha,6,0.394
3309,8QVK,rosetta,6,0.465
3310,8QVK,alpha,3,0.322
3311,8QVK,rosetta,3,0.817
3312,8QVK,alpha,1,0.081
3313,8QVK,rosetta,1,0.165
3314,8QVK,alpha,2,0.264
3315,8QVK,rosetta,2,0.939
3316,8QVK,alpha,4,0.244
3317,8QVK,rosetta,4,0.402
3318,8QVK,alpha,6,0.209
3319,8QVK,rosetta,6,0.479
3320,8QVK,alpha,3,0.217
3321,8QVK,rosetta,3,0.362
3322,8QVK,alpha,3,0.275
3323,8QVK,rosetta,3,0.352
3324,8QVK,alpha,13,0.26
3325,8QVK,rosetta,13,0.5
3326,8QVK,alpha,1,0.196
3327,8QVK,rosetta,1,0.227
3328,8QVK,alpha,4,0.275
3329,8QVK,rosetta,4,0.636
3330,8QVK,alpha,1,0.105
3331,8QVK,rosetta,1,0.217
3332,8QVK,alpha,1,0.165
3333,8QVK,rosetta,1,0.128
3334,8QVK,alpha,12,0.489
3335,8QVK,rosetta,12,0.554
3336,8QVK,alpha,5,0.541
3337,8QVK,rosetta,5,0.587
3338,8QVK,alpha,5,0.247
3339,8QVK,rosetta,5,0.816
3340,8QVK,alpha,1,0.253
3341,8QVK,rosetta,1,0.264
3342,8QVK,alpha,3,0.256
3343,8QVK,rosetta,3,0.635
3344,8QVK,alpha,7,0.598
3345,8QVK,rosetta,7,0.697
3346,8QVK,alpha,10,0.422
3347,8QVK,rosetta,10,0.445
3348,8QVK,alpha,4,0.258
3349,8QVK,rosetta,4,0.401
3350,8QVK,alpha,2,0.161
3351,8QVK,rosetta,2,0.461
3352,8QVK,alpha,4,0.299
3353,8QVK,rosetta,4,0.658
3354,8QVK,alpha,8,0.591
3355,8QVK,rosetta,8,0.711
3356,8QVK,alpha,7,0.524
3357,8QVK,rosetta,7,0.532
3358,8QVK,alpha,2,0.293
3359,8QVK,rosetta,2,0.22
3360,8QVK,alpha,5,0.284
3361,8QVK,rosetta,5,0.428
3362,8QVK,alpha,6,0.221
3363,8QVK,rosetta,6,0.753
3364,8QVK,alpha,1,0.132
3365,8QVK,rosetta,1,0.142
3366,8QVK,alpha,2,0.614
3367,8QVK,rosetta,2,0.223
3368,8Q3S,alpha,3,0.389
3369,8Q3S,rosetta,3,0.998
3370,8Q3S,alpha,6,0.459
3371,8Q3S,rosetta,6,0.589
3372,8Q3S,alpha,13,0.453
3373,8Q3S,rosetta,13,0.617
3374,8Q3S,alpha,3,0.32
3375,8Q3S,rosetta,3,0.57
3376,8Q3S,alpha,6,0.473
3377,8Q3S,rosetta,6,0.952
3378,8Q3S,alpha,2,0.167
3379,8Q3S,rosetta,2,0.879
3380,8Q3S,alpha,5,0.25
3381,8Q3S,rosetta,5,0.379
3382,8Q3S,alpha,2,0.208
3383,8Q3S,rosetta,2,0.828
3384,8Q3S,alpha,5,0.367
3385,8Q3S,rosetta,5,0.421
3386,8Q3S,alpha,3,0.335
3387,8Q3S,rosetta,3,0.54
3388,8Q3S,alpha,6,0.218
3389,8Q3S,rosetta,6,0.498
3390,8Q3S,alpha,5,0.323
3391,8Q3S,rosetta,5,0.519
3392,8Q3S,alpha,2,0.188
3393,8Q3S,rosetta,2,0.511
3394,8Q3S,alpha,1,0.173
3395,8Q3S,rosetta,1,0.183
3396,8Q3S,alpha,4,0.46
3397,8Q3S,rosetta,4,0.921
3398,8Q3S,alpha,6,0.265
3399,8Q3S,rosetta,6,0.463
3400,8Q3S,alpha,8,0.267
3401,8Q3S,rosetta,8,0.714
3402,8Q3S,alpha,2,0.199
3403,8Q3S,rosetta,2,0.317
3404,8Q3S,alpha,11,0.729
3405,8Q3S,rosetta,11,0.651
3406,8Q3S,alpha,10,0.377
3407,8Q3S,rosetta,10,0.659
3408,8Q3S,alpha,2,0.125
3409,8Q3S,rosetta,2,0.223
3410,8Q3S,alpha,4,0.207
3411,8Q3S,rosetta,4,0.339
3412,8Q3S,alpha,2,0.185
3413,8Q3S,rosetta,2,0.322
3414,8Q3S,alpha,2,0.199
3415,8Q3S,rosetta,2,0.329
3416,8Q3S,alpha,3,0.264
3417,8Q3S,rosetta,3,0.295
3418,8Q3S,alpha,5,0.304
3419,8Q3S,rosetta,5,0.316
3420,8Q3S,alpha,2,0.222
3421,8Q3S,rosetta,2,0.344
3422,8Q3S,alpha,7,0.385
3423,8Q3S,rosetta,7,0.719
3424,8Q3S,alpha,1,0.136
3425,8Q3S,rosetta,1,0.088
3426,8Q3S,alpha,3,0.256
3427,8Q3S,rosetta,3,0.574
3428,8Q3S,alpha,4,0.368
3429,8Q3S,rosetta,4,0.403
3430,8Q3S,alpha,4,0.259
3431,8Q3S,rosetta,4,0.27
3432,8Q3S,alpha,5,0.24
3433,8Q3S,rosetta,5,0.866
3434,8Q3S,alpha,5,0.21
3435,8Q3S,rosetta,5,0.311
3436,8Q3S,alpha,2,0.148
3437,8Q3S,rosetta,2,0.206
3438,8Q3S,alpha,5,0.282
3439,8Q3S,rosetta,5,0.578
3440,8Q3S,alpha,5,0.529
3441,8Q3S,rosetta,5,0.912
3442,8QVG,alpha,3,0.658
3443,8QVG,rosetta,3,0.484
3444,8QVG,alpha,2,0.306
3445,8QVG,rosetta,2,0.595
3446,8QVG,alpha,3,0.199
3447,8QVG,rosetta,3,0.331
3448,8QVG,alpha,2,0.329
3449,8QVG,rosetta,2,0.285
3450,8QVG,alpha,2,0.165
3451,8QVG,rosetta,2,0.165
3452,8QVG,alpha,2,0.29
3453,8QVG,rosetta,2,0.261
3454,8QVG,alpha,2,0.209
3455,8QVG,rosetta,2,0.171
3456,8QVG,alpha,1,0.22
3457,8QVG,rosetta,1,0.187
3458,8QVG,alpha,5,0.308
3459,8QVG,rosetta,5,0.502
3460,8QVG,alpha,10,0.53
3461,8QVG,rosetta,10,0.648
3462,8QVG,alpha,1,0.233
3463,8QVG,rosetta,1,0.178
3464,8QVG,alpha,1,0.162
3465,8QVG,rosetta,1,0.338
3466,8QVG,alpha,3,0.219
3467,8QVG,rosetta,3,0.258
3468,8QVG,alpha,9,0.373
3469,8QVG,rosetta,9,0.625
3470,8QVG,alpha,4,0.248
3471,8QVG,rosetta,4,0.389
3472,8QVG,alpha,6,0.301
3473,8QVG,rosetta,6,0.532
3474,8QVG,alpha,3,0.293
3475,8QVG,rosetta,3,0.308
3476,8QVG,alpha,2,0.293
3477,8QVG,rosetta,2,0.316
3478,8QVG,alpha,3,0.238
3479,8QVG,rosetta,3,0.232
3480,8QVG,alpha,3,0.383
3481,8QVG,rosetta,3,0.572
3482,8QVG,alpha,6,0.393
3483,8QVG,rosetta,6,0.693
3484,8QVG,alpha,3,0.317
3485,8QVG,rosetta,3,0.536
3486,8QVG,alpha,1,0.109
3487,8QVG,rosetta,1,0.096
3488,8QVG,alpha,2,0.902
3489,8QVG,rosetta,2,0.914
3490,8QVG,alpha,4,0.301
3491,8QVG,rosetta,4,0.478
3492,8QVG,alpha,6,0.231
3493,8QVG,rosetta,6,0.475
3494,8QVG,alpha,2,0.273
3495,8QVG,rosetta,2,0.406
3496,8QVG,alpha,3,0.263
3497,8QVG,rosetta,3,0.282
3498,8QVG,alpha,12,0.273
3499,8QVG,rosetta,12,0.694
3500,8QVG,alpha,1,0.222
3501,8QVG,rosetta,1,0.178
3502,8QVG,alpha,4,0.297
3503,8QVG,rosetta,4,0.426
3504,8QVG,alpha,1,0.114
3505,8QVG,rosetta,1,0.211
3506,8QVG,alpha,1,0.174
3507,8QVG,rosetta,1,0.136
3508,8QVG,alpha,5,0.292
3509,8QVG,rosetta,5,0.634
3510,8QVG,alpha,4,0.365
3511,8QVG,rosetta,4,0.361
3512,8QVG,alpha,2,0.274
3513,8QVG,rosetta,2,0.393
3514,8QVG,alpha,1,0.191
3515,8QVG,rosetta,1,0.167
3516,8QVG,alpha,5,0.251
3517,8QVG,rosetta,5,0.833
3518,8QVG,alpha,1,0.23
3519,8QVG,rosetta,1,0.25
3520,8QVG,alpha,3,0.258
3521,8QVG,rosetta,3,0.709
3522,8QVG,alpha,7,0.342
3523,8QVG,rosetta,7,1.096
3524,8QVG,alpha,10,0.432
3525,8QVG,rosetta,10,0.854
3526,8QVG,alpha,4,0.286
3527,8QVG,rosetta,4,0.32
3528,8QVG,alpha,2,0.216
3529,8QVG,rosetta,2,0.471
3530,8QVG,alpha,4,0.254
3531,8QVG,rosetta,4,0.615
3532,8QVG,alpha,8,0.604
3533,8QVG,rosetta,8,0.543
3534,8QVG,alpha,7,0.296
3535,8QVG,rosetta,7,0.631
3536,8QVG,alpha,5,0.361
3537,8QVG,rosetta,5,0.454
3538,8QVG,alpha,6,0.303
3539,8QVG,rosetta,6,0.55
3540,8QVG,alpha,1,0.154
3541,8QVG,rosetta,1,0.107
3542,8QVG,alpha,2,0.564
3543,8QVG,rosetta,2,0.844
3544,8QWI,alpha,3,0.66
3545,8QWI,rosetta,3,0.697
3546,8QWI,alpha,2,0.254
3547,8QWI,rosetta,2,0.57
3548,8QWI,alpha,3,0.206
3549,8QWI,rosetta,3,0.352
3550,8QWI,alpha,2,0.283
3551,8QWI,rosetta,2,0.208
3552,8QWI,alpha,2,0.181
3553,8QWI,rosetta,2,0.166
3554,8QWI,alpha,2,0.285
3555,8QWI,rosetta,2,0.977
3556,8QWI,alpha,2,0.213
3557,8QWI,rosetta,2,0.261
3558,8QWI,alpha,1,0.169
3559,8QWI,rosetta,1,0.288
3560,8QWI,alpha,5,0.305
3561,8QWI,rosetta,5,0.401
3562,8QWI,alpha,10,0.446
3563,8QWI,rosetta,10,0.489
3564,8QWI,alpha,1,0.199
3565,8QWI,rosetta,1,0.158
3566,8QWI,alpha,1,0.203
3567,8QWI,rosetta,1,0.255
3568,8QWI,alpha,3,0.211
3569,8QWI,rosetta,3,0.202
3570,8QWI,alpha,10,0.391
3571,8QWI,rosetta,10,0.571
3572,8QWI,alpha,4,0.222
3573,8QWI,rosetta,4,0.335
3574,8QWI,alpha,6,0.302
3575,8QWI,rosetta,6,0.541
3576,8QWI,alpha,3,0.264
3577,8QWI,rosetta,3,0.297
3578,8QWI,alpha,2,0.254
3579,8QWI,rosetta,2,0.264
3580,8QWI,alpha,2,0.258
3581,8QWI,rosetta,2,0.288
3582,8QWI,alpha,3,0.477
3583,8QWI,rosetta,3,0.634
3584,8QWI,alpha,6,0.578
3585,8QWI,rosetta,6,0.607
3586,8QWI,alpha,3,0.282
3587,8QWI,rosetta,3,0.81
3588,8QWI,alpha,1,0.143
3589,8QWI,rosetta,1,0.13
3590,8QWI,alpha,2,0.901
3591,8QWI,rosetta,2,0.937
3592,8QWI,alpha,4,0.29
3593,8QWI,rosetta,4,0.616
3594,8QWI,alpha,6,0.26
3595,8QWI,rosetta,6,0.473
3596,8QWI,alpha,3,0.188
3597,8QWI,rosetta,3,0.34
3598,8QWI,alpha,3,0.234
3599,8QWI,rosetta,3,0.287
3600,8QWI,alpha,13,0.253
3601,8QWI,rosetta,13,0.473
3602,8QWI,alpha,1,0.2
3603,8QWI,rosetta,1,0.211
3604,8QWI,alpha,4,0.237
3605,8QWI,rosetta,4,0.381
3606,8QWI,alpha,1,0.15
3607,8QWI,rosetta,1,0.15
3608,8QWI,alpha,1,0.174
3609,8QWI,rosetta,1,0.117
3610,8QWI,alpha,1,0.249
3611,8QWI,rosetta,1,0.528
3612,8QWI,alpha,1,0.137
3613,8QWI,rosetta,1,0.171
3614,8QWI,alpha,4,0.303
3615,8QWI,rosetta,4,0.355
3616,8QWI,alpha,1,0.231
3617,8QWI,rosetta,1,0.347
3618,8QWI,alpha,1,0.146
3619,8QWI,rosetta,1,0.153
3620,8QWI,alpha,5,0.287
3621,8QWI,rosetta,5,0.774
3622,8QWI,alpha,1,0.263
3623,8QWI,rosetta,1,0.269
3624,8QWI,alpha,3,0.214
3625,8QWI,rosetta,3,0.658
3626,8QWI,alpha,7,0.554
3627,8QWI,rosetta,7,0.82
3628,8QWI,alpha,10,0.454
3629,8QWI,rosetta,10,0.561
3630,8QWI,alpha,4,0.325
3631,8QWI,rosetta,4,0.332
3632,8QWI,alpha,2,0.172
3633,8QWI,rosetta,2,0.466
3634,8QWI,alpha,4,0.276
3635,8QWI,rosetta,4,0.662
3636,8QWI,alpha,8,0.604
3637,8QWI,rosetta,8,0.582
3638,8QWI,alpha,7,0.506
3639,8QWI,rosetta,7,0.596
3640,8QWI,alpha,2,1.029
3641,8QWI,rosetta,2,0.247
3642,8QWI,alpha,5,0.346
3643,8QWI,rosetta,5,0.467
3644,8QWI,alpha,6,0.278
3645,8QWI,rosetta,6,0.703
3646,8QWI,alpha,1,0.159
3647,8QWI,rosetta,1,0.075
3648,8QWI,alpha,2,0.535
3649,8QWI,rosetta,2,0.339
3650,9FD3,alpha,1,0.588
3651,9FD3,rosetta,1,0.554
3652,9FD3,alpha,3,0.21
3653,9FD3,rosetta,3,0.272
3654,9FD3,alpha,7,0.348
3655,9FD3,rosetta,7,0.451
3656,9FD3,alpha,5,0.263
3657,9FD3,rosetta,5,0.418
3658,9FD3,alpha,4,0.243
3659,9FD3,rosetta,4,0.814
3660,9FD3,alpha,2,0.257
3661,9FD3,rosetta,2,0.305
3662,9FD3,alpha,6,0.446
3663,9FD3,rosetta,6,0.402
3664,9FD3,alpha,5,0.389
3665,9FD3,rosetta,5,0.584
3666,9FD3,alpha,3,0.867
3667,9FD3,rosetta,3,0.974
3668,9FD3,alpha,2,0.204
3669,9FD3,rosetta,2,0.226
3670,9FD3,alpha,2,0.191
3671,9FD3,rosetta,2,0.336
3672,9FD3,alpha,5,0.328
3673,9FD3,rosetta,5,0.469
3674,9FD3,alpha,4,0.707
3675,9FD3,rosetta,4,0.745
3676,9FD3,alpha,7,0.302
3677,9FD3,rosetta,7,0.476
3678,9FD3,alpha,4,0.28
3679,9FD3,rosetta,4,0.688
3680,9FD3,alpha,2,0.346
3681,9FD3,rosetta,2,0.584
3682,9FD3,alpha,3,1.09
3683,9FD3,rosetta,3,0.947
